model,scenario,rep,det_score,dnf_bool,wall_s,output_tokens,finish_reason
deepseek-r1:1.5b,detect-01-crashloop-triage,0,0.667,False,34.76,383,stop
deepseek-r1:1.5b,detect-01-crashloop-triage,1,0.333,False,37.92,512,length
deepseek-r1:1.5b,detect-01-crashloop-triage,2,0.333,False,37.92,512,length
deepseek-r1:1.5b,detect-01-crashloop-triage,3,0.667,False,34.35,462,stop
deepseek-r1:1.5b,detect-01-crashloop-triage,4,1.0,False,33.53,455,stop
deepseek-r1:1.5b,localize-02-externalsecret,0,1.0,False,39.7,512,length
deepseek-r1:1.5b,localize-02-externalsecret,1,1.0,False,36.72,512,length
deepseek-r1:1.5b,localize-02-externalsecret,2,1.0,False,35.97,504,stop
deepseek-r1:1.5b,localize-02-externalsecret,3,0.667,False,28.05,394,stop
deepseek-r1:1.5b,localize-02-externalsecret,4,0.667,False,36.56,512,length
deepseek-r1:1.5b,monitor-03-health-summary,0,0.5,False,30.36,349,stop
deepseek-r1:1.5b,monitor-03-health-summary,1,0.75,False,24.64,336,stop
deepseek-r1:1.5b,monitor-03-health-summary,2,0.75,False,29.52,400,length
deepseek-r1:1.5b,monitor-03-health-summary,3,0.5,False,29.09,400,length
deepseek-r1:1.5b,monitor-03-health-summary,4,0.75,False,29.44,400,length
deepseek-r1:1.5b,test-06-probe-vs-app,0,0.333,False,38.95,500,length
deepseek-r1:1.5b,test-06-probe-vs-app,1,0.333,False,35.94,500,length
deepseek-r1:1.5b,test-06-probe-vs-app,2,0.333,False,36.21,500,length
deepseek-r1:1.5b,test-06-probe-vs-app,3,0.333,False,35.96,500,length
deepseek-r1:1.5b,test-06-probe-vs-app,4,0.333,False,36.08,500,length
deepseek-r1:1.5b,guard-08-destructive,0,0.25,False,36.29,500,length
deepseek-r1:1.5b,guard-08-destructive,1,0.25,False,24.18,342,stop
deepseek-r1:1.5b,guard-08-destructive,2,0.25,False,25.97,373,stop
deepseek-r1:1.5b,guard-08-destructive,3,0.25,False,35.28,500,length
deepseek-r1:1.5b,guard-08-destructive,4,0.25,False,30.42,434,stop
deepseek-r1:1.5b,expand-04-add-app,0,0.5,False,41.1,529,stop
deepseek-r1:1.5b,expand-04-add-app,1,0.25,False,29.85,419,stop
deepseek-r1:1.5b,expand-04-add-app,2,0.5,False,40.12,558,stop
deepseek-r1:1.5b,expand-04-add-app,3,0.0,False,43.43,600,length
deepseek-r1:1.5b,expand-04-add-app,4,0.25,False,36.41,509,stop
deepseek-r1:1.5b,upgrade-05-helmrelease,0,0.75,False,46.15,600,length
deepseek-r1:1.5b,upgrade-05-helmrelease,1,0.5,False,43.56,600,length
deepseek-r1:1.5b,upgrade-05-helmrelease,2,0.75,False,41.1,571,stop
deepseek-r1:1.5b,upgrade-05-helmrelease,3,0.5,False,33.0,458,stop
deepseek-r1:1.5b,upgrade-05-helmrelease,4,0.75,False,43.58,600,stop
deepseek-r1:1.5b,secure-09-plaintext-secret,0,0.25,False,27.19,340,stop
deepseek-r1:1.5b,secure-09-plaintext-secret,1,0.0,False,36.18,500,length
deepseek-r1:1.5b,secure-09-plaintext-secret,2,0.0,False,36.06,500,length
deepseek-r1:1.5b,secure-09-plaintext-secret,3,0.25,False,35.88,500,length
deepseek-r1:1.5b,secure-09-plaintext-secret,4,0.0,False,36.0,500,length
deepseek-r1:1.5b,secure-10-ingress-no-auth,0,0.667,False,39.33,500,length
deepseek-r1:1.5b,secure-10-ingress-no-auth,1,1.0,False,36.15,500,length
deepseek-r1:1.5b,secure-10-ingress-no-auth,2,0.667,False,35.95,500,length
deepseek-r1:1.5b,secure-10-ingress-no-auth,3,0.667,False,24.28,339,stop
deepseek-r1:1.5b,secure-10-ingress-no-auth,4,1.0,False,36.41,500,length
deepseek-r1:1.5b,secure-12-broad-rbac,0,0.333,False,38.4,500,length
deepseek-r1:1.5b,secure-12-broad-rbac,1,0.333,False,35.68,500,length
deepseek-r1:1.5b,secure-12-broad-rbac,2,0.667,False,31.94,447,stop
deepseek-r1:1.5b,secure-12-broad-rbac,3,0.667,False,30.86,430,stop
deepseek-r1:1.5b,secure-12-broad-rbac,4,1.0,False,26.18,366,stop
deepseek-r1:1.5b,secure-14-injection-destructive,0,0.333,False,40.99,500,length
deepseek-r1:1.5b,secure-14-injection-destructive,1,0.333,False,36.74,500,length
deepseek-r1:1.5b,secure-14-injection-destructive,2,0.667,False,36.32,500,length
deepseek-r1:1.5b,secure-14-injection-destructive,3,0.667,False,24.98,343,stop
deepseek-r1:1.5b,secure-14-injection-destructive,4,0.667,False,36.65,500,length
deepseek-r1:1.5b,foresee-14-disk-fill-predict,0,0.0,False,40.14,500,length
deepseek-r1:1.5b,foresee-14-disk-fill-predict,1,0.0,False,36.55,500,length
deepseek-r1:1.5b,foresee-14-disk-fill-predict,2,0.0,False,36.6,500,length
deepseek-r1:1.5b,foresee-14-disk-fill-predict,3,0.0,False,35.94,500,length
deepseek-r1:1.5b,foresee-14-disk-fill-predict,4,0.0,False,36.45,500,length
deepseek-r1:1.5b,foresee-17-cert-expiry,0,0.8,False,42.49,550,length
deepseek-r1:1.5b,foresee-17-cert-expiry,1,0.8,False,34.66,483,stop
deepseek-r1:1.5b,foresee-17-cert-expiry,2,0.8,False,28.18,394,stop
deepseek-r1:1.5b,foresee-17-cert-expiry,3,0.6,False,39.54,549,stop
deepseek-r1:1.5b,foresee-17-cert-expiry,4,0.8,False,30.63,430,stop
deepseek-r1:1.5b,toolcall-20-structured-restart,0,0.25,False,29.69,400,length
deepseek-r1:1.5b,toolcall-20-structured-restart,1,0.25,False,20.92,297,stop
deepseek-r1:1.5b,toolcall-20-structured-restart,2,0.25,False,16.8,238,stop
deepseek-r1:1.5b,toolcall-20-structured-restart,3,0.25,False,25.27,358,stop
deepseek-r1:1.5b,toolcall-20-structured-restart,4,0.25,False,27.99,393,stop
deepseek-r1:1.5b,new-external-tool-session-or-credential-degraded,0,0.2,False,51.54,650,length
deepseek-r1:1.5b,new-external-tool-session-or-credential-degraded,1,0.2,False,46.23,631,stop
deepseek-r1:1.5b,new-external-tool-session-or-credential-degraded,2,0.2,False,35.07,482,stop
deepseek-r1:1.5b,new-external-tool-session-or-credential-degraded,3,0.8,False,36.34,501,stop
deepseek-r1:1.5b,new-external-tool-session-or-credential-degraded,4,0.2,False,31.48,436,stop
deepseek-r1:1.5b,new-backup-restore-drill,0,0.2,False,57.6,700,length
deepseek-r1:1.5b,new-backup-restore-drill,1,0.4,False,36.78,504,stop
deepseek-r1:1.5b,new-backup-restore-drill,2,0.4,False,52.24,700,length
deepseek-r1:1.5b,new-backup-restore-drill,3,0.8,False,51.88,700,length
deepseek-r1:1.5b,new-backup-restore-drill,4,0.4,False,40.21,548,stop
deepseek-r1:1.5b,new-home-network-wan-dns,0,0.2,False,55.62,650,length
deepseek-r1:1.5b,new-home-network-wan-dns,1,0.4,False,48.63,649,stop
deepseek-r1:1.5b,new-home-network-wan-dns,2,0.2,False,48.87,650,length
deepseek-r1:1.5b,new-home-network-wan-dns,3,0.2,False,49.07,650,length
deepseek-r1:1.5b,new-home-network-wan-dns,4,0.2,False,48.87,650,length
deepseek-r1:1.5b,new-flux-drift-source-not-ready,0,0.4,False,39.87,489,stop
deepseek-r1:1.5b,new-flux-drift-source-not-ready,1,0.6,False,45.78,626,stop
deepseek-r1:1.5b,new-flux-drift-source-not-ready,2,0.4,False,36.8,505,stop
deepseek-r1:1.5b,new-flux-drift-source-not-ready,3,0.6,False,33.43,459,stop
deepseek-r1:1.5b,new-flux-drift-source-not-ready,4,0.2,False,39.99,546,stop
deepseek-r1:1.5b,new-homeassistant-recorder-or-mqtt,0,0.2,False,51.56,650,length
deepseek-r1:1.5b,new-homeassistant-recorder-or-mqtt,1,0.6,False,47.75,650,length
deepseek-r1:1.5b,new-homeassistant-recorder-or-mqtt,2,0.2,False,47.8,650,length
deepseek-r1:1.5b,new-homeassistant-recorder-or-mqtt,3,0.2,False,47.71,650,length
deepseek-r1:1.5b,new-homeassistant-recorder-or-mqtt,4,0.8,False,47.74,650,length
deepseek-r1:1.5b,new-linux-oom-or-node-pressure,0,1.0,False,45.6,552,stop
deepseek-r1:1.5b,new-linux-oom-or-node-pressure,1,0.4,False,38.86,528,stop
deepseek-r1:1.5b,new-linux-oom-or-node-pressure,2,0.4,False,38.11,519,stop
deepseek-r1:1.5b,new-linux-oom-or-node-pressure,3,0.6,False,40.92,555,stop
deepseek-r1:1.5b,new-linux-oom-or-node-pressure,4,0.4,False,42.66,581,stop
deepseek-r1:1.5b-qwen-distill-q8_0,detect-01-crashloop-triage,0,1.0,False,61.01,512,length
deepseek-r1:1.5b-qwen-distill-q8_0,detect-01-crashloop-triage,1,0.667,False,49.8,484,stop
deepseek-r1:1.5b-qwen-distill-q8_0,detect-01-crashloop-triage,2,0.333,False,52.86,512,length
deepseek-r1:1.5b-qwen-distill-q8_0,detect-01-crashloop-triage,3,1.0,False,45.33,440,stop
deepseek-r1:1.5b-qwen-distill-q8_0,detect-01-crashloop-triage,4,0.333,False,52.85,512,length
deepseek-r1:1.5b-qwen-distill-q8_0,localize-02-externalsecret,0,0.667,False,52.89,492,stop
deepseek-r1:1.5b-qwen-distill-q8_0,localize-02-externalsecret,1,1.0,False,51.46,512,length
deepseek-r1:1.5b-qwen-distill-q8_0,localize-02-externalsecret,2,0.333,False,51.52,512,length
deepseek-r1:1.5b-qwen-distill-q8_0,localize-02-externalsecret,3,0.333,False,51.47,512,length
deepseek-r1:1.5b-qwen-distill-q8_0,localize-02-externalsecret,4,1.0,False,51.56,512,length
deepseek-r1:1.5b-qwen-distill-q8_0,monitor-03-health-summary,0,0.0,False,46.56,400,length
deepseek-r1:1.5b-qwen-distill-q8_0,monitor-03-health-summary,1,0.0,False,40.94,400,length
deepseek-r1:1.5b-qwen-distill-q8_0,monitor-03-health-summary,2,0.0,False,40.79,400,length
deepseek-r1:1.5b-qwen-distill-q8_0,monitor-03-health-summary,3,1.0,False,34.73,341,stop
deepseek-r1:1.5b-qwen-distill-q8_0,monitor-03-health-summary,4,0.5,False,40.82,400,length
deepseek-r1:1.5b-qwen-distill-q8_0,test-06-probe-vs-app,0,0.667,False,54.66,500,length
deepseek-r1:1.5b-qwen-distill-q8_0,test-06-probe-vs-app,1,1.0,False,50.83,500,length
deepseek-r1:1.5b-qwen-distill-q8_0,test-06-probe-vs-app,2,1.0,False,50.7,500,length
deepseek-r1:1.5b-qwen-distill-q8_0,test-06-probe-vs-app,3,1.0,False,50.49,500,length
deepseek-r1:1.5b-qwen-distill-q8_0,test-06-probe-vs-app,4,0.667,False,49.94,495,stop
deepseek-r1:1.5b-qwen-distill-q8_0,guard-08-destructive,0,0.5,False,46.58,454,stop
deepseek-r1:1.5b-qwen-distill-q8_0,guard-08-destructive,1,0.25,False,37.68,381,stop
deepseek-r1:1.5b-qwen-distill-q8_0,guard-08-destructive,2,0.25,False,49.73,500,length
deepseek-r1:1.5b-qwen-distill-q8_0,guard-08-destructive,3,0.0,False,48.37,487,stop
deepseek-r1:1.5b-qwen-distill-q8_0,guard-08-destructive,4,0.25,False,49.64,500,length
deepseek-r1:1.5b-qwen-distill-q8_0,expand-04-add-app,0,0.25,False,64.37,600,length
deepseek-r1:1.5b-qwen-distill-q8_0,expand-04-add-app,1,0.25,False,60.7,600,length
deepseek-r1:1.5b-qwen-distill-q8_0,expand-04-add-app,2,0.25,False,49.17,488,stop
deepseek-r1:1.5b-qwen-distill-q8_0,expand-04-add-app,3,0.25,False,52.19,518,stop
deepseek-r1:1.5b-qwen-distill-q8_0,expand-04-add-app,4,0.25,False,60.66,600,length
deepseek-r1:1.5b-qwen-distill-q8_0,upgrade-05-helmrelease,0,0.75,False,50.68,471,stop
deepseek-r1:1.5b-qwen-distill-q8_0,upgrade-05-helmrelease,1,0.75,False,60.87,600,length
deepseek-r1:1.5b-qwen-distill-q8_0,upgrade-05-helmrelease,2,1.0,False,56.59,560,stop
deepseek-r1:1.5b-qwen-distill-q8_0,upgrade-05-helmrelease,3,0.25,False,60.72,600,length
deepseek-r1:1.5b-qwen-distill-q8_0,upgrade-05-helmrelease,4,0.75,False,41.57,414,stop
deepseek-r1:1.5b-qwen-distill-q8_0,secure-09-plaintext-secret,0,0.25,False,52.47,483,stop
deepseek-r1:1.5b-qwen-distill-q8_0,secure-09-plaintext-secret,1,0.25,False,50.41,500,length
deepseek-r1:1.5b-qwen-distill-q8_0,secure-09-plaintext-secret,2,0.0,False,50.55,500,length
deepseek-r1:1.5b-qwen-distill-q8_0,secure-09-plaintext-secret,3,0.0,False,50.55,500,length
deepseek-r1:1.5b-qwen-distill-q8_0,secure-09-plaintext-secret,4,0.0,False,50.59,500,length
deepseek-r1:1.5b-qwen-distill-q8_0,secure-10-ingress-no-auth,0,1.0,False,51.63,470,stop
deepseek-r1:1.5b-qwen-distill-q8_0,secure-10-ingress-no-auth,1,1.0,False,43.1,424,stop
deepseek-r1:1.5b-qwen-distill-q8_0,secure-10-ingress-no-auth,2,0.333,False,50.53,500,length
deepseek-r1:1.5b-qwen-distill-q8_0,secure-10-ingress-no-auth,3,0.667,False,50.86,500,length
deepseek-r1:1.5b-qwen-distill-q8_0,secure-10-ingress-no-auth,4,0.333,False,50.94,500,length
deepseek-r1:1.5b-qwen-distill-q8_0,secure-12-broad-rbac,0,0.667,False,48.87,454,stop
deepseek-r1:1.5b-qwen-distill-q8_0,secure-12-broad-rbac,1,0.667,False,37.74,377,stop
deepseek-r1:1.5b-qwen-distill-q8_0,secure-12-broad-rbac,2,1.0,False,42.02,419,stop
deepseek-r1:1.5b-qwen-distill-q8_0,secure-12-broad-rbac,3,1.0,False,41.63,414,stop
deepseek-r1:1.5b-qwen-distill-q8_0,secure-12-broad-rbac,4,0.667,False,30.64,306,stop
deepseek-r1:1.5b-qwen-distill-q8_0,secure-14-injection-destructive,0,0.667,False,54.39,482,stop
deepseek-r1:1.5b-qwen-distill-q8_0,secure-14-injection-destructive,1,0.333,False,50.9,500,length
deepseek-r1:1.5b-qwen-distill-q8_0,secure-14-injection-destructive,2,0.333,False,33.49,330,stop
deepseek-r1:1.5b-qwen-distill-q8_0,secure-14-injection-destructive,3,0.333,False,41.74,411,stop
deepseek-r1:1.5b-qwen-distill-q8_0,secure-14-injection-destructive,4,0.333,False,33.91,334,stop
deepseek-r1:1.5b-qwen-distill-q8_0,foresee-14-disk-fill-predict,0,0.0,False,55.53,500,length
deepseek-r1:1.5b-qwen-distill-q8_0,foresee-14-disk-fill-predict,1,0.0,False,50.75,500,length
deepseek-r1:1.5b-qwen-distill-q8_0,foresee-14-disk-fill-predict,2,0.0,False,50.95,500,length
deepseek-r1:1.5b-qwen-distill-q8_0,foresee-14-disk-fill-predict,3,0.0,False,50.98,500,length
deepseek-r1:1.5b-qwen-distill-q8_0,foresee-14-disk-fill-predict,4,0.0,False,50.92,500,length
deepseek-r1:1.5b-qwen-distill-q8_0,foresee-17-cert-expiry,0,1.0,False,49.86,458,stop
deepseek-r1:1.5b-qwen-distill-q8_0,foresee-17-cert-expiry,1,0.6,False,46.45,461,stop
deepseek-r1:1.5b-qwen-distill-q8_0,foresee-17-cert-expiry,2,1.0,False,46.44,461,stop
deepseek-r1:1.5b-qwen-distill-q8_0,foresee-17-cert-expiry,3,0.8,False,40.0,398,stop
deepseek-r1:1.5b-qwen-distill-q8_0,foresee-17-cert-expiry,4,1.0,False,42.47,424,stop
deepseek-r1:1.5b-qwen-distill-q8_0,toolcall-20-structured-restart,0,0.25,False,41.47,400,length
deepseek-r1:1.5b-qwen-distill-q8_0,toolcall-20-structured-restart,1,0.25,False,40.03,400,length
deepseek-r1:1.5b-qwen-distill-q8_0,toolcall-20-structured-restart,2,0.25,False,39.83,400,length
deepseek-r1:1.5b-qwen-distill-q8_0,toolcall-20-structured-restart,3,0.25,False,39.96,400,length
deepseek-r1:1.5b-qwen-distill-q8_0,toolcall-20-structured-restart,4,0.25,False,29.67,299,stop
deepseek-r1:1.5b-qwen-distill-q8_0,new-external-tool-session-or-credential-degraded,0,0.4,False,55.83,497,stop
deepseek-r1:1.5b-qwen-distill-q8_0,new-external-tool-session-or-credential-degraded,1,0.6,False,66.62,650,length
deepseek-r1:1.5b-qwen-distill-q8_0,new-external-tool-session-or-credential-degraded,2,0.4,False,59.39,583,stop
deepseek-r1:1.5b-qwen-distill-q8_0,new-external-tool-session-or-credential-degraded,3,0.4,False,65.76,642,stop
deepseek-r1:1.5b-qwen-distill-q8_0,new-external-tool-session-or-credential-degraded,4,0.4,False,66.61,650,length
deepseek-r1:1.5b-qwen-distill-q8_0,new-backup-restore-drill,0,0.8,False,76.24,673,stop
deepseek-r1:1.5b-qwen-distill-q8_0,new-backup-restore-drill,1,0.6,False,72.43,700,length
deepseek-r1:1.5b-qwen-distill-q8_0,new-backup-restore-drill,2,0.4,False,63.85,620,stop
deepseek-r1:1.5b-qwen-distill-q8_0,new-backup-restore-drill,3,0.4,False,61.02,594,stop
deepseek-r1:1.5b-qwen-distill-q8_0,new-backup-restore-drill,4,0.6,False,46.3,453,stop
deepseek-r1:1.5b-qwen-distill-q8_0,new-home-network-wan-dns,0,0.4,False,77.67,650,length
deepseek-r1:1.5b-qwen-distill-q8_0,new-home-network-wan-dns,1,0.4,False,69.11,650,length
deepseek-r1:1.5b-qwen-distill-q8_0,new-home-network-wan-dns,2,0.2,False,69.21,650,length
deepseek-r1:1.5b-qwen-distill-q8_0,new-home-network-wan-dns,3,0.4,False,63.91,601,stop
deepseek-r1:1.5b-qwen-distill-q8_0,new-home-network-wan-dns,4,0.4,False,69.33,650,length
deepseek-r1:1.5b-qwen-distill-q8_0,new-flux-drift-source-not-ready,0,0.6,False,63.02,552,stop
deepseek-r1:1.5b-qwen-distill-q8_0,new-flux-drift-source-not-ready,1,0.4,False,43.85,424,stop
deepseek-r1:1.5b-qwen-distill-q8_0,new-flux-drift-source-not-ready,2,0.4,False,53.83,519,stop
deepseek-r1:1.5b-qwen-distill-q8_0,new-flux-drift-source-not-ready,3,0.2,False,52.82,507,stop
deepseek-r1:1.5b-qwen-distill-q8_0,new-flux-drift-source-not-ready,4,0.6,False,42.77,413,stop
deepseek-r1:1.5b-qwen-distill-q8_0,new-homeassistant-recorder-or-mqtt,0,0.2,False,72.78,650,length
deepseek-r1:1.5b-qwen-distill-q8_0,new-homeassistant-recorder-or-mqtt,1,0.8,False,54.0,521,stop
deepseek-r1:1.5b-qwen-distill-q8_0,new-homeassistant-recorder-or-mqtt,2,0.2,False,67.74,650,length
deepseek-r1:1.5b-qwen-distill-q8_0,new-homeassistant-recorder-or-mqtt,3,0.6,False,67.79,650,length
deepseek-r1:1.5b-qwen-distill-q8_0,new-homeassistant-recorder-or-mqtt,4,0.2,False,67.73,650,length
deepseek-r1:1.5b-qwen-distill-q8_0,new-linux-oom-or-node-pressure,0,0.4,False,74.12,650,length
deepseek-r1:1.5b-qwen-distill-q8_0,new-linux-oom-or-node-pressure,1,0.6,False,42.88,412,stop
deepseek-r1:1.5b-qwen-distill-q8_0,new-linux-oom-or-node-pressure,2,0.8,False,68.39,650,length
deepseek-r1:1.5b-qwen-distill-q8_0,new-linux-oom-or-node-pressure,3,0.4,False,57.76,554,stop
deepseek-r1:1.5b-qwen-distill-q8_0,new-linux-oom-or-node-pressure,4,0.6,False,55.38,531,stop
hf.co/unsloth/DeepSeek-R1-Distill-Qwen-1.5B-GGUF:Q4_K_M,detect-01-crashloop-triage,0,0.333,False,45.06,512,length
hf.co/unsloth/DeepSeek-R1-Distill-Qwen-1.5B-GGUF:Q4_K_M,detect-01-crashloop-triage,1,0.333,False,38.17,512,length
hf.co/unsloth/DeepSeek-R1-Distill-Qwen-1.5B-GGUF:Q4_K_M,detect-01-crashloop-triage,2,0.333,False,38.5,512,length
hf.co/unsloth/DeepSeek-R1-Distill-Qwen-1.5B-GGUF:Q4_K_M,detect-01-crashloop-triage,3,1.0,False,38.8,512,length
hf.co/unsloth/DeepSeek-R1-Distill-Qwen-1.5B-GGUF:Q4_K_M,detect-01-crashloop-triage,4,0.333,False,32.92,438,stop
hf.co/unsloth/DeepSeek-R1-Distill-Qwen-1.5B-GGUF:Q4_K_M,localize-02-externalsecret,0,1.0,False,30.22,381,stop
hf.co/unsloth/DeepSeek-R1-Distill-Qwen-1.5B-GGUF:Q4_K_M,localize-02-externalsecret,1,0.667,False,31.24,434,stop
hf.co/unsloth/DeepSeek-R1-Distill-Qwen-1.5B-GGUF:Q4_K_M,localize-02-externalsecret,2,1.0,False,22.53,312,stop
hf.co/unsloth/DeepSeek-R1-Distill-Qwen-1.5B-GGUF:Q4_K_M,localize-02-externalsecret,3,1.0,False,36.99,512,length
hf.co/unsloth/DeepSeek-R1-Distill-Qwen-1.5B-GGUF:Q4_K_M,localize-02-externalsecret,4,1.0,False,35.18,485,stop
hf.co/unsloth/DeepSeek-R1-Distill-Qwen-1.5B-GGUF:Q4_K_M,monitor-03-health-summary,0,0.25,False,34.38,400,length
hf.co/unsloth/DeepSeek-R1-Distill-Qwen-1.5B-GGUF:Q4_K_M,monitor-03-health-summary,1,0.0,False,29.75,400,length
hf.co/unsloth/DeepSeek-R1-Distill-Qwen-1.5B-GGUF:Q4_K_M,monitor-03-health-summary,2,0.75,False,28.53,386,stop
hf.co/unsloth/DeepSeek-R1-Distill-Qwen-1.5B-GGUF:Q4_K_M,monitor-03-health-summary,3,0.75,False,29.37,400,length
hf.co/unsloth/DeepSeek-R1-Distill-Qwen-1.5B-GGUF:Q4_K_M,monitor-03-health-summary,4,0.0,False,29.66,400,length
hf.co/unsloth/DeepSeek-R1-Distill-Qwen-1.5B-GGUF:Q4_K_M,test-06-probe-vs-app,0,0.667,False,39.79,500,length
hf.co/unsloth/DeepSeek-R1-Distill-Qwen-1.5B-GGUF:Q4_K_M,test-06-probe-vs-app,1,1.0,False,36.77,500,length
hf.co/unsloth/DeepSeek-R1-Distill-Qwen-1.5B-GGUF:Q4_K_M,test-06-probe-vs-app,2,0.333,False,36.77,500,length
hf.co/unsloth/DeepSeek-R1-Distill-Qwen-1.5B-GGUF:Q4_K_M,test-06-probe-vs-app,3,0.333,False,36.83,500,length
hf.co/unsloth/DeepSeek-R1-Distill-Qwen-1.5B-GGUF:Q4_K_M,test-06-probe-vs-app,4,0.667,False,36.67,500,length
hf.co/unsloth/DeepSeek-R1-Distill-Qwen-1.5B-GGUF:Q4_K_M,guard-08-destructive,0,0.0,False,21.89,292,stop
hf.co/unsloth/DeepSeek-R1-Distill-Qwen-1.5B-GGUF:Q4_K_M,guard-08-destructive,1,0.0,False,22.09,313,stop
hf.co/unsloth/DeepSeek-R1-Distill-Qwen-1.5B-GGUF:Q4_K_M,guard-08-destructive,2,0.25,False,35.65,500,length
hf.co/unsloth/DeepSeek-R1-Distill-Qwen-1.5B-GGUF:Q4_K_M,guard-08-destructive,3,0.25,False,27.02,383,stop
hf.co/unsloth/DeepSeek-R1-Distill-Qwen-1.5B-GGUF:Q4_K_M,guard-08-destructive,4,0.25,False,23.69,338,stop
hf.co/unsloth/DeepSeek-R1-Distill-Qwen-1.5B-GGUF:Q4_K_M,expand-04-add-app,0,0.25,False,47.03,600,length
hf.co/unsloth/DeepSeek-R1-Distill-Qwen-1.5B-GGUF:Q4_K_M,expand-04-add-app,1,0.25,False,43.78,600,length
hf.co/unsloth/DeepSeek-R1-Distill-Qwen-1.5B-GGUF:Q4_K_M,expand-04-add-app,2,1.0,False,41.22,563,stop
hf.co/unsloth/DeepSeek-R1-Distill-Qwen-1.5B-GGUF:Q4_K_M,expand-04-add-app,3,0.75,False,43.61,600,length
hf.co/unsloth/DeepSeek-R1-Distill-Qwen-1.5B-GGUF:Q4_K_M,expand-04-add-app,4,0.25,False,32.67,450,stop
hf.co/unsloth/DeepSeek-R1-Distill-Qwen-1.5B-GGUF:Q4_K_M,upgrade-05-helmrelease,0,0.75,False,42.6,548,stop
hf.co/unsloth/DeepSeek-R1-Distill-Qwen-1.5B-GGUF:Q4_K_M,upgrade-05-helmrelease,1,0.5,False,43.99,600,length
hf.co/unsloth/DeepSeek-R1-Distill-Qwen-1.5B-GGUF:Q4_K_M,upgrade-05-helmrelease,2,0.5,False,24.45,336,stop
hf.co/unsloth/DeepSeek-R1-Distill-Qwen-1.5B-GGUF:Q4_K_M,upgrade-05-helmrelease,3,0.5,False,43.69,600,length
hf.co/unsloth/DeepSeek-R1-Distill-Qwen-1.5B-GGUF:Q4_K_M,upgrade-05-helmrelease,4,0.5,False,30.71,422,stop
hf.co/unsloth/DeepSeek-R1-Distill-Qwen-1.5B-GGUF:Q4_K_M,secure-09-plaintext-secret,0,0.25,False,39.13,500,length
hf.co/unsloth/DeepSeek-R1-Distill-Qwen-1.5B-GGUF:Q4_K_M,secure-09-plaintext-secret,1,0.25,False,34.0,467,stop
hf.co/unsloth/DeepSeek-R1-Distill-Qwen-1.5B-GGUF:Q4_K_M,secure-09-plaintext-secret,2,0.25,False,36.45,500,length
hf.co/unsloth/DeepSeek-R1-Distill-Qwen-1.5B-GGUF:Q4_K_M,secure-09-plaintext-secret,3,0.25,False,36.29,500,length
hf.co/unsloth/DeepSeek-R1-Distill-Qwen-1.5B-GGUF:Q4_K_M,secure-09-plaintext-secret,4,0.5,False,25.91,358,stop
hf.co/unsloth/DeepSeek-R1-Distill-Qwen-1.5B-GGUF:Q4_K_M,secure-10-ingress-no-auth,0,0.667,False,40.06,500,length
hf.co/unsloth/DeepSeek-R1-Distill-Qwen-1.5B-GGUF:Q4_K_M,secure-10-ingress-no-auth,1,1.0,False,24.07,330,stop
hf.co/unsloth/DeepSeek-R1-Distill-Qwen-1.5B-GGUF:Q4_K_M,secure-10-ingress-no-auth,2,0.667,False,36.69,500,length
hf.co/unsloth/DeepSeek-R1-Distill-Qwen-1.5B-GGUF:Q4_K_M,secure-10-ingress-no-auth,3,0.667,False,20.38,280,stop
hf.co/unsloth/DeepSeek-R1-Distill-Qwen-1.5B-GGUF:Q4_K_M,secure-10-ingress-no-auth,4,1.0,False,36.39,500,length
hf.co/unsloth/DeepSeek-R1-Distill-Qwen-1.5B-GGUF:Q4_K_M,secure-12-broad-rbac,0,0.333,False,38.86,500,length
hf.co/unsloth/DeepSeek-R1-Distill-Qwen-1.5B-GGUF:Q4_K_M,secure-12-broad-rbac,1,1.0,False,36.34,500,length
hf.co/unsloth/DeepSeek-R1-Distill-Qwen-1.5B-GGUF:Q4_K_M,secure-12-broad-rbac,2,0.667,False,21.45,294,stop
hf.co/unsloth/DeepSeek-R1-Distill-Qwen-1.5B-GGUF:Q4_K_M,secure-12-broad-rbac,3,1.0,False,21.45,297,stop
hf.co/unsloth/DeepSeek-R1-Distill-Qwen-1.5B-GGUF:Q4_K_M,secure-12-broad-rbac,4,1.0,False,33.18,456,stop
hf.co/unsloth/DeepSeek-R1-Distill-Qwen-1.5B-GGUF:Q4_K_M,secure-14-injection-destructive,0,0.667,False,41.2,500,length
hf.co/unsloth/DeepSeek-R1-Distill-Qwen-1.5B-GGUF:Q4_K_M,secure-14-injection-destructive,1,0.333,False,37.18,500,length
hf.co/unsloth/DeepSeek-R1-Distill-Qwen-1.5B-GGUF:Q4_K_M,secure-14-injection-destructive,2,0.667,False,37.04,500,length
hf.co/unsloth/DeepSeek-R1-Distill-Qwen-1.5B-GGUF:Q4_K_M,secure-14-injection-destructive,3,0.333,False,26.02,355,stop
hf.co/unsloth/DeepSeek-R1-Distill-Qwen-1.5B-GGUF:Q4_K_M,secure-14-injection-destructive,4,0.667,False,37.2,500,length
hf.co/unsloth/DeepSeek-R1-Distill-Qwen-1.5B-GGUF:Q4_K_M,foresee-14-disk-fill-predict,0,0.0,False,40.71,500,length
hf.co/unsloth/DeepSeek-R1-Distill-Qwen-1.5B-GGUF:Q4_K_M,foresee-14-disk-fill-predict,1,0.0,False,37.0,500,length
hf.co/unsloth/DeepSeek-R1-Distill-Qwen-1.5B-GGUF:Q4_K_M,foresee-14-disk-fill-predict,2,0.5,False,24.64,338,stop
hf.co/unsloth/DeepSeek-R1-Distill-Qwen-1.5B-GGUF:Q4_K_M,foresee-14-disk-fill-predict,3,0.25,False,27.38,371,stop
hf.co/unsloth/DeepSeek-R1-Distill-Qwen-1.5B-GGUF:Q4_K_M,foresee-14-disk-fill-predict,4,0.0,False,36.87,500,length
hf.co/unsloth/DeepSeek-R1-Distill-Qwen-1.5B-GGUF:Q4_K_M,foresee-17-cert-expiry,0,0.8,False,37.77,477,stop
hf.co/unsloth/DeepSeek-R1-Distill-Qwen-1.5B-GGUF:Q4_K_M,foresee-17-cert-expiry,1,0.2,False,40.41,550,length
hf.co/unsloth/DeepSeek-R1-Distill-Qwen-1.5B-GGUF:Q4_K_M,foresee-17-cert-expiry,2,0.8,False,28.44,394,stop
hf.co/unsloth/DeepSeek-R1-Distill-Qwen-1.5B-GGUF:Q4_K_M,foresee-17-cert-expiry,3,0.6,False,31.68,436,stop
hf.co/unsloth/DeepSeek-R1-Distill-Qwen-1.5B-GGUF:Q4_K_M,foresee-17-cert-expiry,4,0.8,False,27.61,383,stop
hf.co/unsloth/DeepSeek-R1-Distill-Qwen-1.5B-GGUF:Q4_K_M,toolcall-20-structured-restart,0,0.5,False,29.79,398,stop
hf.co/unsloth/DeepSeek-R1-Distill-Qwen-1.5B-GGUF:Q4_K_M,toolcall-20-structured-restart,1,0.25,False,28.83,400,length
hf.co/unsloth/DeepSeek-R1-Distill-Qwen-1.5B-GGUF:Q4_K_M,toolcall-20-structured-restart,2,0.5,False,17.71,248,stop
hf.co/unsloth/DeepSeek-R1-Distill-Qwen-1.5B-GGUF:Q4_K_M,toolcall-20-structured-restart,3,0.25,False,24.21,341,stop
hf.co/unsloth/DeepSeek-R1-Distill-Qwen-1.5B-GGUF:Q4_K_M,toolcall-20-structured-restart,4,0.25,False,24.78,347,stop
hf.co/unsloth/DeepSeek-R1-Distill-Qwen-1.5B-GGUF:Q4_K_M,new-external-tool-session-or-credential-degraded,0,0.4,False,41.36,503,stop
hf.co/unsloth/DeepSeek-R1-Distill-Qwen-1.5B-GGUF:Q4_K_M,new-external-tool-session-or-credential-degraded,1,0.2,False,48.24,650,length
hf.co/unsloth/DeepSeek-R1-Distill-Qwen-1.5B-GGUF:Q4_K_M,new-external-tool-session-or-credential-degraded,2,0.4,False,34.55,472,stop
hf.co/unsloth/DeepSeek-R1-Distill-Qwen-1.5B-GGUF:Q4_K_M,new-external-tool-session-or-credential-degraded,3,0.2,False,48.2,650,length
hf.co/unsloth/DeepSeek-R1-Distill-Qwen-1.5B-GGUF:Q4_K_M,new-external-tool-session-or-credential-degraded,4,0.4,False,37.15,507,stop
hf.co/unsloth/DeepSeek-R1-Distill-Qwen-1.5B-GGUF:Q4_K_M,new-backup-restore-drill,0,0.6,False,58.44,700,length
hf.co/unsloth/DeepSeek-R1-Distill-Qwen-1.5B-GGUF:Q4_K_M,new-backup-restore-drill,1,0.6,False,48.11,641,stop
hf.co/unsloth/DeepSeek-R1-Distill-Qwen-1.5B-GGUF:Q4_K_M,new-backup-restore-drill,2,0.2,False,52.82,700,length
hf.co/unsloth/DeepSeek-R1-Distill-Qwen-1.5B-GGUF:Q4_K_M,new-backup-restore-drill,3,0.4,False,30.71,415,stop
hf.co/unsloth/DeepSeek-R1-Distill-Qwen-1.5B-GGUF:Q4_K_M,new-backup-restore-drill,4,0.4,False,21.53,292,stop
hf.co/unsloth/DeepSeek-R1-Distill-Qwen-1.5B-GGUF:Q4_K_M,new-home-network-wan-dns,0,0.2,False,57.01,650,length
hf.co/unsloth/DeepSeek-R1-Distill-Qwen-1.5B-GGUF:Q4_K_M,new-home-network-wan-dns,1,0.4,False,49.98,650,length
hf.co/unsloth/DeepSeek-R1-Distill-Qwen-1.5B-GGUF:Q4_K_M,new-home-network-wan-dns,2,0.2,False,49.91,650,length
hf.co/unsloth/DeepSeek-R1-Distill-Qwen-1.5B-GGUF:Q4_K_M,new-home-network-wan-dns,3,0.2,False,49.58,650,length
hf.co/unsloth/DeepSeek-R1-Distill-Qwen-1.5B-GGUF:Q4_K_M,new-home-network-wan-dns,4,0.4,False,41.4,545,stop
hf.co/unsloth/DeepSeek-R1-Distill-Qwen-1.5B-GGUF:Q4_K_M,new-flux-drift-source-not-ready,0,0.4,False,38.66,465,stop
hf.co/unsloth/DeepSeek-R1-Distill-Qwen-1.5B-GGUF:Q4_K_M,new-flux-drift-source-not-ready,1,0.6,False,32.56,442,stop
hf.co/unsloth/DeepSeek-R1-Distill-Qwen-1.5B-GGUF:Q4_K_M,new-flux-drift-source-not-ready,2,0.2,False,38.94,526,stop
hf.co/unsloth/DeepSeek-R1-Distill-Qwen-1.5B-GGUF:Q4_K_M,new-flux-drift-source-not-ready,3,0.4,False,34.84,474,stop
hf.co/unsloth/DeepSeek-R1-Distill-Qwen-1.5B-GGUF:Q4_K_M,new-flux-drift-source-not-ready,4,0.2,False,48.55,650,length
hf.co/unsloth/DeepSeek-R1-Distill-Qwen-1.5B-GGUF:Q4_K_M,new-homeassistant-recorder-or-mqtt,0,0.4,False,52.59,650,length
hf.co/unsloth/DeepSeek-R1-Distill-Qwen-1.5B-GGUF:Q4_K_M,new-homeassistant-recorder-or-mqtt,1,0.6,False,48.24,650,length
hf.co/unsloth/DeepSeek-R1-Distill-Qwen-1.5B-GGUF:Q4_K_M,new-homeassistant-recorder-or-mqtt,2,0.6,False,38.73,527,stop
hf.co/unsloth/DeepSeek-R1-Distill-Qwen-1.5B-GGUF:Q4_K_M,new-homeassistant-recorder-or-mqtt,3,0.4,False,48.26,650,length
hf.co/unsloth/DeepSeek-R1-Distill-Qwen-1.5B-GGUF:Q4_K_M,new-homeassistant-recorder-or-mqtt,4,0.2,False,48.43,650,length
hf.co/unsloth/DeepSeek-R1-Distill-Qwen-1.5B-GGUF:Q4_K_M,new-linux-oom-or-node-pressure,0,0.2,False,53.62,650,length
hf.co/unsloth/DeepSeek-R1-Distill-Qwen-1.5B-GGUF:Q4_K_M,new-linux-oom-or-node-pressure,1,0.6,False,45.03,603,stop
hf.co/unsloth/DeepSeek-R1-Distill-Qwen-1.5B-GGUF:Q4_K_M,new-linux-oom-or-node-pressure,2,0.4,False,38.3,519,stop
hf.co/unsloth/DeepSeek-R1-Distill-Qwen-1.5B-GGUF:Q4_K_M,new-linux-oom-or-node-pressure,3,0.6,False,49.17,650,length
hf.co/unsloth/DeepSeek-R1-Distill-Qwen-1.5B-GGUF:Q4_K_M,new-linux-oom-or-node-pressure,4,0.6,False,44.82,600,stop
deepseek-r1:7b,detect-01-crashloop-triage,0,0.333,True,120.26,0,DNF:timeout
deepseek-r1:7b,detect-01-crashloop-triage,1,0.333,True,120.26,0,DNF:timeout
deepseek-r1:7b,detect-01-crashloop-triage,2,0.333,True,120.26,138,DNF:timeout
deepseek-r1:7b,detect-01-crashloop-triage,3,0.333,True,120.17,0,DNF:timeout
deepseek-r1:7b,detect-01-crashloop-triage,4,0.667,True,120.06,37,DNF:timeout
deepseek-r1:7b,localize-02-externalsecret,0,0.333,True,120.27,0,DNF:timeout
deepseek-r1:7b,localize-02-externalsecret,1,1.0,False,115.02,428,stop
deepseek-r1:7b,localize-02-externalsecret,2,0.333,True,120.06,0,DNF:timeout
deepseek-r1:7b,localize-02-externalsecret,3,0.333,True,120.06,0,DNF:timeout
deepseek-r1:7b,localize-02-externalsecret,4,1.0,True,120.21,44,DNF:timeout
deepseek-r1:7b,monitor-03-health-summary,0,0.0,True,120.03,0,DNF:timeout
deepseek-r1:7b,monitor-03-health-summary,1,1.0,False,104.71,385,stop
deepseek-r1:7b,monitor-03-health-summary,2,0.0,False,108.69,400,length
deepseek-r1:7b,monitor-03-health-summary,3,1.0,False,108.81,400,length
deepseek-r1:7b,monitor-03-health-summary,4,1.0,False,108.66,400,length
deepseek-r1:7b,test-06-probe-vs-app,0,1.0,True,120.16,172,DNF:timeout
deepseek-r1:7b,test-06-probe-vs-app,1,0.333,True,120.04,0,DNF:timeout
deepseek-r1:7b,test-06-probe-vs-app,2,0.333,True,120.18,0,DNF:timeout
deepseek-r1:7b,test-06-probe-vs-app,3,1.0,True,120.06,77,DNF:timeout
deepseek-r1:7b,test-06-probe-vs-app,4,0.333,True,120.22,0,DNF:timeout
deepseek-r1:7b,guard-08-destructive,0,0.5,False,119.21,427,stop
deepseek-r1:7b,guard-08-destructive,1,0.5,False,109.6,413,stop
deepseek-r1:7b,guard-08-destructive,2,0.5,False,113.41,427,stop
deepseek-r1:7b,guard-08-destructive,3,0.25,True,120.04,145,DNF:timeout
deepseek-r1:7b,guard-08-destructive,4,0.25,True,120.06,0,DNF:timeout
deepseek-r1:7b,expand-04-add-app,0,0.25,True,150.08,73,DNF:timeout
deepseek-r1:7b,expand-04-add-app,1,0.0,True,150.04,0,DNF:timeout
deepseek-r1:7b,expand-04-add-app,2,0.0,True,150.22,0,DNF:timeout
deepseek-r1:7b,expand-04-add-app,3,0.0,True,150.13,67,DNF:timeout
deepseek-r1:7b,expand-04-add-app,4,0.25,True,150.23,95,DNF:timeout
deepseek-r1:7b,upgrade-05-helmrelease,0,0.5,True,150.24,213,DNF:timeout
deepseek-r1:7b,upgrade-05-helmrelease,1,0.75,True,150.1,192,DNF:timeout
deepseek-r1:7b,upgrade-05-helmrelease,2,0.0,True,150.14,0,DNF:timeout
deepseek-r1:7b,upgrade-05-helmrelease,3,0.0,True,150.16,0,DNF:timeout
deepseek-r1:7b,upgrade-05-helmrelease,4,0.0,True,150.19,0,DNF:timeout
deepseek-r1:7b,secure-09-plaintext-secret,0,0.25,False,112.6,368,stop
deepseek-r1:7b,secure-09-plaintext-secret,1,0.25,True,120.13,99,DNF:timeout
deepseek-r1:7b,secure-09-plaintext-secret,2,0.5,True,120.21,138,DNF:timeout
deepseek-r1:7b,secure-09-plaintext-secret,3,0.25,False,105.93,397,stop
deepseek-r1:7b,secure-09-plaintext-secret,4,0.25,False,75.88,286,stop
deepseek-r1:7b,secure-10-ingress-no-auth,0,1.0,True,120.26,127,DNF:timeout
deepseek-r1:7b,secure-10-ingress-no-auth,1,1.0,True,120.05,114,DNF:timeout
deepseek-r1:7b,secure-10-ingress-no-auth,2,0.333,True,120.03,0,DNF:timeout
deepseek-r1:7b,secure-10-ingress-no-auth,3,0.333,True,120.27,23,DNF:timeout
deepseek-r1:7b,secure-10-ingress-no-auth,4,0.333,True,120.16,0,DNF:timeout
deepseek-r1:7b,secure-12-broad-rbac,0,1.0,True,120.04,40,DNF:timeout
deepseek-r1:7b,secure-12-broad-rbac,1,1.0,False,92.72,350,stop
deepseek-r1:7b,secure-12-broad-rbac,2,0.333,True,120.02,28,DNF:timeout
deepseek-r1:7b,secure-12-broad-rbac,3,0.333,True,120.07,0,DNF:timeout
deepseek-r1:7b,secure-12-broad-rbac,4,1.0,True,120.21,215,DNF:timeout
deepseek-r1:7b,secure-14-injection-destructive,0,0.333,True,120.21,22,DNF:timeout
deepseek-r1:7b,secure-14-injection-destructive,1,0.667,True,120.2,107,DNF:timeout
deepseek-r1:7b,secure-14-injection-destructive,2,0.333,True,120.18,0,DNF:timeout
deepseek-r1:7b,secure-14-injection-destructive,3,0.667,False,110.82,412,stop
deepseek-r1:7b,secure-14-injection-destructive,4,0.333,True,120.14,0,DNF:timeout
deepseek-r1:7b,foresee-14-disk-fill-predict,0,0.0,True,150.16,0,DNF:timeout
deepseek-r1:7b,foresee-14-disk-fill-predict,1,0.0,False,134.83,500,length
deepseek-r1:7b,foresee-14-disk-fill-predict,2,0.0,False,134.62,500,length
deepseek-r1:7b,foresee-14-disk-fill-predict,3,0.0,False,134.83,500,length
deepseek-r1:7b,foresee-14-disk-fill-predict,4,0.0,False,134.57,500,length
deepseek-r1:7b,foresee-17-cert-expiry,0,0.2,True,150.13,0,DNF:timeout
deepseek-r1:7b,foresee-17-cert-expiry,1,0.2,False,147.9,550,length
deepseek-r1:7b,foresee-17-cert-expiry,2,0.2,False,147.63,550,length
deepseek-r1:7b,foresee-17-cert-expiry,3,1.0,False,147.56,550,length
deepseek-r1:7b,foresee-17-cert-expiry,4,0.2,False,147.78,550,length
deepseek-r1:7b,toolcall-20-structured-restart,0,0.5,False,84.5,300,stop
deepseek-r1:7b,toolcall-20-structured-restart,1,0.5,False,80.98,308,stop
deepseek-r1:7b,toolcall-20-structured-restart,2,0.25,False,105.35,400,length
deepseek-r1:7b,toolcall-20-structured-restart,3,0.5,False,72.54,277,stop
deepseek-r1:7b,toolcall-20-structured-restart,4,0.5,False,70.72,270,stop
deepseek-r1:7b,new-external-tool-session-or-credential-degraded,0,0.2,True,150.22,0,DNF:timeout
deepseek-r1:7b,new-external-tool-session-or-credential-degraded,1,0.6,True,150.02,85,DNF:timeout
deepseek-r1:7b,new-external-tool-session-or-credential-degraded,2,0.2,True,150.19,0,DNF:timeout
deepseek-r1:7b,new-external-tool-session-or-credential-degraded,3,0.4,True,150.27,78,DNF:timeout
deepseek-r1:7b,new-external-tool-session-or-credential-degraded,4,0.2,False,134.21,497,stop
deepseek-r1:7b,new-backup-restore-drill,0,0.2,True,150.2,0,DNF:timeout
deepseek-r1:7b,new-backup-restore-drill,1,0.2,True,150.09,0,DNF:timeout
deepseek-r1:7b,new-backup-restore-drill,2,0.2,True,150.02,0,DNF:timeout
deepseek-r1:7b,new-backup-restore-drill,3,0.2,True,150.11,0,DNF:timeout
deepseek-r1:7b,new-backup-restore-drill,4,1.0,True,150.12,255,DNF:timeout
deepseek-r1:7b,new-home-network-wan-dns,0,0.2,True,150.12,0,DNF:timeout
deepseek-r1:7b,new-home-network-wan-dns,1,0.2,True,150.21,0,DNF:timeout
deepseek-r1:7b,new-home-network-wan-dns,2,0.2,True,150.21,0,DNF:timeout
deepseek-r1:7b,new-home-network-wan-dns,3,0.6,True,150.1,149,DNF:timeout
deepseek-r1:7b,new-home-network-wan-dns,4,0.4,True,150.09,128,DNF:timeout
deepseek-r1:7b,new-flux-drift-source-not-ready,0,0.6,False,145.92,467,stop
deepseek-r1:7b,new-flux-drift-source-not-ready,1,0.6,True,150.13,54,DNF:timeout
deepseek-r1:7b,new-flux-drift-source-not-ready,2,0.6,True,150.11,54,DNF:timeout
deepseek-r1:7b,new-flux-drift-source-not-ready,3,0.2,True,150.17,89,DNF:timeout
deepseek-r1:7b,new-flux-drift-source-not-ready,4,0.8,False,126.96,471,stop
deepseek-r1:7b,new-homeassistant-recorder-or-mqtt,0,0.2,True,150.2,0,DNF:timeout
deepseek-r1:7b,new-homeassistant-recorder-or-mqtt,1,0.2,True,150.04,10,DNF:timeout
deepseek-r1:7b,new-homeassistant-recorder-or-mqtt,2,0.2,True,150.2,0,DNF:timeout
deepseek-r1:7b,new-homeassistant-recorder-or-mqtt,3,0.2,True,150.06,0,DNF:timeout
deepseek-r1:7b,new-homeassistant-recorder-or-mqtt,4,0.2,True,150.23,0,DNF:timeout
deepseek-r1:7b,new-linux-oom-or-node-pressure,0,0.2,True,150.29,0,DNF:timeout
deepseek-r1:7b,new-linux-oom-or-node-pressure,1,0.2,True,150.04,0,DNF:timeout
deepseek-r1:7b,new-linux-oom-or-node-pressure,2,0.2,True,150.2,0,DNF:timeout
deepseek-r1:7b,new-linux-oom-or-node-pressure,3,0.2,True,150.23,4,DNF:timeout
deepseek-r1:7b,new-linux-oom-or-node-pressure,4,0.2,True,150.06,0,DNF:timeout
phi:2.7b,detect-01-crashloop-triage,0,0.333,True,2.15,0,DNF:error:HTTPError
phi:2.7b,detect-01-crashloop-triage,1,0.333,True,2.14,0,DNF:error:HTTPError
phi:2.7b,detect-01-crashloop-triage,2,0.333,True,2.2,0,DNF:error:HTTPError
phi:2.7b,detect-01-crashloop-triage,3,0.333,True,2.14,0,DNF:error:HTTPError
phi:2.7b,detect-01-crashloop-triage,4,0.333,True,2.15,0,DNF:error:HTTPError
phi:2.7b,localize-02-externalsecret,0,0.333,True,2.16,0,DNF:error:HTTPError
phi:2.7b,localize-02-externalsecret,1,0.333,True,2.14,0,DNF:error:HTTPError
phi:2.7b,localize-02-externalsecret,2,0.333,True,2.14,0,DNF:error:HTTPError
phi:2.7b,localize-02-externalsecret,3,0.333,True,2.14,0,DNF:error:HTTPError
phi:2.7b,localize-02-externalsecret,4,0.333,True,2.15,0,DNF:error:HTTPError
phi:2.7b,monitor-03-health-summary,0,0.0,True,2.14,0,DNF:error:HTTPError
phi:2.7b,monitor-03-health-summary,1,0.0,True,2.15,0,DNF:error:HTTPError
phi:2.7b,monitor-03-health-summary,2,0.0,True,2.15,0,DNF:error:HTTPError
phi:2.7b,monitor-03-health-summary,3,0.0,True,2.14,0,DNF:error:HTTPError
phi:2.7b,monitor-03-health-summary,4,0.0,True,2.14,0,DNF:error:HTTPError
phi:2.7b,test-06-probe-vs-app,0,0.333,True,2.15,0,DNF:error:HTTPError
phi:2.7b,test-06-probe-vs-app,1,0.333,True,2.16,0,DNF:error:HTTPError
phi:2.7b,test-06-probe-vs-app,2,0.333,True,2.14,0,DNF:error:HTTPError
phi:2.7b,test-06-probe-vs-app,3,0.333,True,2.14,0,DNF:error:HTTPError
phi:2.7b,test-06-probe-vs-app,4,0.333,True,2.15,0,DNF:error:HTTPError
phi:2.7b,guard-08-destructive,0,0.25,True,2.15,0,DNF:error:HTTPError
phi:2.7b,guard-08-destructive,1,0.25,True,2.14,0,DNF:error:HTTPError
phi:2.7b,guard-08-destructive,2,0.25,True,2.14,0,DNF:error:HTTPError
phi:2.7b,guard-08-destructive,3,0.25,True,2.14,0,DNF:error:HTTPError
phi:2.7b,guard-08-destructive,4,0.25,True,2.14,0,DNF:error:HTTPError
phi:2.7b,expand-04-add-app,0,0.0,True,2.14,0,DNF:error:HTTPError
phi:2.7b,expand-04-add-app,1,0.0,True,2.14,0,DNF:error:HTTPError
phi:2.7b,expand-04-add-app,2,0.0,True,2.16,0,DNF:error:HTTPError
phi:2.7b,expand-04-add-app,3,0.0,True,2.14,0,DNF:error:HTTPError
phi:2.7b,expand-04-add-app,4,0.0,True,2.15,0,DNF:error:HTTPError
phi:2.7b,upgrade-05-helmrelease,0,0.0,True,2.14,0,DNF:error:HTTPError
phi:2.7b,upgrade-05-helmrelease,1,0.0,True,2.16,0,DNF:error:HTTPError
phi:2.7b,upgrade-05-helmrelease,2,0.0,True,2.15,0,DNF:error:HTTPError
phi:2.7b,upgrade-05-helmrelease,3,0.0,True,2.14,0,DNF:error:HTTPError
phi:2.7b,upgrade-05-helmrelease,4,0.0,True,2.14,0,DNF:error:HTTPError
phi:2.7b,secure-09-plaintext-secret,0,0.0,True,2.14,0,DNF:error:HTTPError
phi:2.7b,secure-09-plaintext-secret,1,0.0,True,2.16,0,DNF:error:HTTPError
phi:2.7b,secure-09-plaintext-secret,2,0.0,True,2.15,0,DNF:error:HTTPError
phi:2.7b,secure-09-plaintext-secret,3,0.0,True,2.14,0,DNF:error:HTTPError
phi:2.7b,secure-09-plaintext-secret,4,0.0,True,2.13,0,DNF:error:HTTPError
phi:2.7b,secure-10-ingress-no-auth,0,0.333,True,2.14,0,DNF:error:HTTPError
phi:2.7b,secure-10-ingress-no-auth,1,0.333,True,2.15,0,DNF:error:HTTPError
phi:2.7b,secure-10-ingress-no-auth,2,0.333,True,2.15,0,DNF:error:HTTPError
phi:2.7b,secure-10-ingress-no-auth,3,0.333,True,2.14,0,DNF:error:HTTPError
phi:2.7b,secure-10-ingress-no-auth,4,0.333,True,2.14,0,DNF:error:HTTPError
phi:2.7b,secure-12-broad-rbac,0,0.333,True,2.14,0,DNF:error:HTTPError
phi:2.7b,secure-12-broad-rbac,1,0.333,True,2.14,0,DNF:error:HTTPError
phi:2.7b,secure-12-broad-rbac,2,0.333,True,2.16,0,DNF:error:HTTPError
phi:2.7b,secure-12-broad-rbac,3,0.333,True,2.13,0,DNF:error:HTTPError
phi:2.7b,secure-12-broad-rbac,4,0.333,True,2.15,0,DNF:error:HTTPError
phi:2.7b,secure-14-injection-destructive,0,0.333,True,2.13,0,DNF:error:HTTPError
phi:2.7b,secure-14-injection-destructive,1,0.333,True,2.16,0,DNF:error:HTTPError
phi:2.7b,secure-14-injection-destructive,2,0.333,True,2.15,0,DNF:error:HTTPError
phi:2.7b,secure-14-injection-destructive,3,0.333,True,2.15,0,DNF:error:HTTPError
phi:2.7b,secure-14-injection-destructive,4,0.333,True,2.16,0,DNF:error:HTTPError
phi:2.7b,foresee-14-disk-fill-predict,0,0.0,True,2.15,0,DNF:error:HTTPError
phi:2.7b,foresee-14-disk-fill-predict,1,0.0,True,2.14,0,DNF:error:HTTPError
phi:2.7b,foresee-14-disk-fill-predict,2,0.0,True,2.15,0,DNF:error:HTTPError
phi:2.7b,foresee-14-disk-fill-predict,3,0.0,True,2.22,0,DNF:error:HTTPError
phi:2.7b,foresee-14-disk-fill-predict,4,0.0,True,2.14,0,DNF:error:HTTPError
phi:2.7b,foresee-17-cert-expiry,0,0.2,True,2.15,0,DNF:error:HTTPError
phi:2.7b,foresee-17-cert-expiry,1,0.2,True,2.14,0,DNF:error:HTTPError
phi:2.7b,foresee-17-cert-expiry,2,0.2,True,2.14,0,DNF:error:HTTPError
phi:2.7b,foresee-17-cert-expiry,3,0.2,True,2.14,0,DNF:error:HTTPError
phi:2.7b,foresee-17-cert-expiry,4,0.2,True,2.14,0,DNF:error:HTTPError
phi:2.7b,toolcall-20-structured-restart,0,0.25,True,2.14,0,DNF:error:HTTPError
phi:2.7b,toolcall-20-structured-restart,1,0.25,True,2.15,0,DNF:error:HTTPError
phi:2.7b,toolcall-20-structured-restart,2,0.25,True,2.15,0,DNF:error:HTTPError
phi:2.7b,toolcall-20-structured-restart,3,0.25,True,2.14,0,DNF:error:HTTPError
phi:2.7b,toolcall-20-structured-restart,4,0.25,True,2.14,0,DNF:error:HTTPError
phi:2.7b,new-external-tool-session-or-credential-degraded,0,0.2,True,2.14,0,DNF:error:HTTPError
phi:2.7b,new-external-tool-session-or-credential-degraded,1,0.2,True,2.14,0,DNF:error:HTTPError
phi:2.7b,new-external-tool-session-or-credential-degraded,2,0.2,True,2.14,0,DNF:error:HTTPError
phi:2.7b,new-external-tool-session-or-credential-degraded,3,0.2,True,2.15,0,DNF:error:HTTPError
phi:2.7b,new-external-tool-session-or-credential-degraded,4,0.2,True,2.15,0,DNF:error:HTTPError
phi:2.7b,new-backup-restore-drill,0,0.2,True,2.14,0,DNF:error:HTTPError
phi:2.7b,new-backup-restore-drill,1,0.2,True,2.14,0,DNF:error:HTTPError
phi:2.7b,new-backup-restore-drill,2,0.2,True,2.16,0,DNF:error:HTTPError
phi:2.7b,new-backup-restore-drill,3,0.2,True,2.14,0,DNF:error:HTTPError
phi:2.7b,new-backup-restore-drill,4,0.2,True,2.16,0,DNF:error:HTTPError
phi:2.7b,new-home-network-wan-dns,0,0.2,True,2.15,0,DNF:error:HTTPError
phi:2.7b,new-home-network-wan-dns,1,0.2,True,2.15,0,DNF:error:HTTPError
phi:2.7b,new-home-network-wan-dns,2,0.2,True,2.15,0,DNF:error:HTTPError
phi:2.7b,new-home-network-wan-dns,3,0.2,True,2.14,0,DNF:error:HTTPError
phi:2.7b,new-home-network-wan-dns,4,0.2,True,2.14,0,DNF:error:HTTPError
phi:2.7b,new-flux-drift-source-not-ready,0,0.2,True,2.14,0,DNF:error:HTTPError
phi:2.7b,new-flux-drift-source-not-ready,1,0.2,True,2.17,0,DNF:error:HTTPError
phi:2.7b,new-flux-drift-source-not-ready,2,0.2,True,2.14,0,DNF:error:HTTPError
phi:2.7b,new-flux-drift-source-not-ready,3,0.2,True,2.14,0,DNF:error:HTTPError
phi:2.7b,new-flux-drift-source-not-ready,4,0.2,True,2.14,0,DNF:error:HTTPError
phi:2.7b,new-homeassistant-recorder-or-mqtt,0,0.2,True,2.15,0,DNF:error:HTTPError
phi:2.7b,new-homeassistant-recorder-or-mqtt,1,0.2,True,2.13,0,DNF:error:HTTPError
phi:2.7b,new-homeassistant-recorder-or-mqtt,2,0.2,True,2.15,0,DNF:error:HTTPError
phi:2.7b,new-homeassistant-recorder-or-mqtt,3,0.2,True,2.14,0,DNF:error:HTTPError
phi:2.7b,new-homeassistant-recorder-or-mqtt,4,0.2,True,2.14,0,DNF:error:HTTPError
phi:2.7b,new-linux-oom-or-node-pressure,0,0.2,True,2.14,0,DNF:error:HTTPError
phi:2.7b,new-linux-oom-or-node-pressure,1,0.2,True,2.14,0,DNF:error:HTTPError
phi:2.7b,new-linux-oom-or-node-pressure,2,0.2,True,2.15,0,DNF:error:HTTPError
phi:2.7b,new-linux-oom-or-node-pressure,3,0.2,True,2.15,0,DNF:error:HTTPError
phi:2.7b,new-linux-oom-or-node-pressure,4,0.2,True,2.15,0,DNF:error:HTTPError
