/Users/dragoshont/Repo/apprenticeops	15c3a364cac1ec76464b414119c62a781c8fc67b
/private/tmp/apprenticeops-ceops-closing.Zmunqe	16092afb50233885863ffdddedb3144710b8a046
/private/tmp/apprenticeops-ceops-final.WEHvjg	c159897b75bf7d997fe43265cae34d29543ab60b
/private/tmp/apprenticeops-ceops-finalgate.VRaAsh	9dc57823d99f62a85067919e3b8520059b8cb8f1
/private/tmp/apprenticeops-ceops-production.xnQOSy	3ac3a74b6f5500a0457cf15fc63385ed2c018451
/private/tmp/apprenticeops-ceops-release.3METL7	f611ff4c6929e172a3fe2868be2b23f97ebb32ea
/private/tmp/apprenticeops-commit2-final.LMLlam	e9a753d8aee62b0f27f5b89bca74535a1a272f1d
/private/tmp/apprenticeops-commit2.45LPj2	347c1445eedbaf3060b8925795789c0a7c30a1be
/Users/dragoshont/Repo/apprenticeops-portal-release-20260714	30d0a6d9301904aceff83dbbe33df0b6f6495c27
/Users/dragoshont/Repo/apprenticeops/.architrave/worktrees/human-review-builder-20260908/form	15c3a364cac1ec76464b414119c62a781c8fc67b
