model,quality,ci_lo,ci_hi,det,rank
hf.co/unsloth/Qwen3-4B-GGUF:Q4_K_M,3.568421052631579,3.2156578947368417,3.9210526315789473,0.8682631578947368,1
qwen3:4b-instruct-2507-q8_0,3.5631578947368423,3.1315789473684212,3.9684210526315793,0.94,2
qwen3:4b-q8_0,3.547368421052632,3.1736842105263166,3.9210526315789465,0.8745789473684211,3
qwen3:4b-instruct-2507-q4_K_M,3.431578947368421,3.036842105263158,3.7736842105263158,0.9131578947368422,4
qwen2.5:7b,3.3210526315789473,2.9368421052631573,3.689473684210527,0.8837052631578949,5
granite4:tiny-h,3.1736842105263157,2.789473684210526,3.5578947368421048,0.8407263157894738,6
qwen3:1.7b-fp16,3.1315789473684212,2.7421052631578946,3.547368421052631,0.8347473684210526,7
qwen3:1.7b-q8_0,3.1052631578947367,2.6842105263157894,3.5631578947368423,0.8619368421052631,8
qwen3:1.7b,3.0736842105263156,2.6421052631578945,3.521052631578948,0.8121157894736842,9
granite4:micro,3.0736842105263156,2.763157894736842,3.3684210526315788,0.8638842105263159,10
ministral-3:3b,2.968421052631579,2.5842105263157897,3.3473684210526318,0.8758105263157895,11
granite3.1-dense:2b-instruct-q8_0,2.947368421052632,2.5842105263157897,3.3210526315789473,0.8510842105263158,12
gemma3:4b,2.9315789473684206,2.5789473684210527,3.289473684210526,0.8214105263157896,13
gemma3:4b-it-q4_K_M,2.9315789473684206,2.5789473684210527,3.3,0.8214105263157896,14
granite3.3:2b,2.9210526315789473,2.5578947368421048,3.2736842105263158,0.8340631578947368,15
phi3.5:3.8b-mini-instruct-q8_0,2.9,2.4947368421052634,3.3105263157894735,0.8526631578947369,16
hf.co/Qwen/Qwen2.5-3B-Instruct-GGUF:Q4_K_M,2.8368421052631576,2.5105263157894737,3.1473684210526316,0.8061578947368421,17
qwen2.5:3b-instruct-q8_0,2.8315789473684214,2.384210526315789,3.2578947368421054,0.8224631578947369,18
qwen2.5:3b,2.8263157894736843,2.436842105263158,3.205263157894737,0.8065157894736842,19
gemma3:4b-it-qat,2.7789473684210524,2.4157894736842103,3.1631578947368424,0.7786105263157894,20
phi4-mini,2.7736842105263158,2.4105263157894736,3.1473684210526316,0.8244105263157895,21
gemma3:4b-it-q8_0,2.768421052631579,2.3473684210526318,3.2157894736842105,0.7612631578947369,22
qwen2.5:3b-instruct-q4_K_M,2.763157894736842,2.3789473684210525,3.1315789473684212,0.8065157894736842,23
hf.co/Qwen/Qwen3-4B-GGUF:Q4_K_M,2.7578947368421054,2.3421052631578947,3.1578947368421053,0.8133578947368421,24
granite3.1-dense:2b,2.757894736842105,2.3736842105263154,3.1315789473684212,0.8323052631578947,25
qwen2.5-coder:3b-instruct-q8_0,2.7473684210526317,2.431578947368421,3.0684210526315794,0.8203789473684211,26
granite3.2:2b,2.694736842105263,2.3157894736842106,3.0894736842105264,0.8388,27
granite3.2:2b-instruct-q4_K_M,2.6842105263157894,2.305263157894737,3.0684210526315794,0.8388,28
phi3.5:3.8b,2.668421052631579,2.2578947368421054,3.063157894736842,0.7954526315789474,29
llama3.2:3b,2.6684210526315786,2.2526315789473683,3.0736842105263156,0.8002,30
hf.co/unsloth/Phi-4-mini-instruct-GGUF:Q4_K_M,2.6473684210526316,2.3000000000000003,3.0000000000000004,0.8279157894736843,31
qwen2.5-coder:3b,2.6473684210526316,2.263157894736842,3.0631578947368423,0.7910736842105263,32
qwen2.5-coder:3b-instruct-q4_K_M,2.6421052631578945,2.236842105263158,3.0368421052631582,0.7910736842105263,33
llama3.2:3b-instruct-q8_0,2.6315789473684212,2.2947368421052636,2.9631578947368418,0.7747578947368421,34
gemma2:2b-instruct-q8_0,2.626315789473684,2.2842105263157895,2.9894736842105267,0.7719684210526315,35
qwen3:4b,2.6157894736842104,2.221052631578947,3.0157894736842104,0.7966842105263158,36
gemma2:2b,2.5631578947368423,2.231578947368421,2.9157894736842107,0.7870526315789474,37
mistral:7b-instruct-q4_K_M,2.5473684210526324,2.142105263157895,2.942105263157895,0.7621263157894737,38
phi3:3.8b-mini-128k-instruct-q8_0,2.3631578947368426,2.0000000000000004,2.7368421052631575,0.7761684210526315,39
falcon3:3b-instruct-q8_0,2.336842105263158,1.9842105263157896,2.6684210526315795,0.6944105263157896,40
phi4-mini-reasoning,2.3368421052631576,1.9630263157894732,2.7157894736842105,0.8038842105263159,41
phi3:3.8b,2.3263157894736843,1.9578947368421054,2.6894736842105265,0.7426631578947368,42
granite4:1b-h,2.263157894736842,1.942105263157895,2.6052631578947367,0.6582631578947368,43
qwen2.5:1.5b,2.205263157894737,1.8736842105263158,2.557894736842105,0.7780947368421053,44
qwen2.5-coder:1.5b-instruct-q8_0,2.1999999999999997,1.868421052631579,2.5421052631578944,0.7707368421052633,45
qwen2.5:1.5b-instruct-q4_K_M,2.168421052631579,1.8631578947368421,2.4736842105263155,0.7780947368421053,46
hf.co/Qwen/Qwen2.5-1.5B-Instruct-GGUF:Q4_K_M,2.163157894736842,1.8789473684210527,2.4526315789473685,0.7645894736842105,47
qwen2.5-coder:1.5b,2.1578947368421058,1.868421052631579,2.4526315789473685,0.7472315789473685,48
qwen2.5:1.5b-instruct-q8_0,2.1421052631578945,1.8789473684210527,2.405263157894737,0.7752842105263158,49
granite3.1-moe:3b,2.1105263157894734,1.7473684210526315,2.4894736842105267,0.7993263157894738,50
qwen3:0.6b-q8_0,2.089473684210526,1.810526315789474,2.368421052631579,0.6887894736842104,51
falcon3:3b,2.0789473684210527,1.7526315789473683,2.4105263157894736,0.6391052631578947,52
falcon3:3b-instruct-q4_K_M,2.0473684210526315,1.736842105263158,2.363157894736842,0.6391052631578947,53
gemma3:1b-it-qat,2.026315789473684,1.7210526315789476,2.336842105263158,0.6487894736842105,54
smollm2:1.7b,2.0105263157894733,1.6736842105263159,2.357894736842105,0.6791684210526316,55
qwen3:0.6b-fp16,2.0000000000000004,1.7315789473684213,2.2684210526315796,0.685442105263158,56
smollm2:1.7b-instruct-q8_0,1.9947368421052631,1.6631578947368422,2.3421052631578947,0.6791684210526316,57
qwen2:1.5b-instruct-q8_0,1.942105263157895,1.6315789473684208,2.28421052631579,0.6707263157894737,58
gemma3:1b,1.926315789473684,1.6789473684210525,2.1684210526315786,0.6465263157894736,59
gemma:2b,1.8684210526315794,1.563157894736842,2.168421052631579,0.5828210526315789,60
gemma3:1b-it-q8_0,1.8578947368421055,1.6105263157894736,2.1263157894736846,0.6194736842105262,61
nemotron-mini:4b-instruct-q8_0,1.8473684210526315,1.5789473684210527,2.1526315789473687,0.6659684210526314,62
qwen3:0.6b,1.8315789473684212,1.6157894736842107,2.057894736842105,0.6947684210526317,63
nemotron-mini:4b,1.8210526315789475,1.5789473684210524,2.078947368421053,0.6429999999999999,64
hf.co/unsloth/Llama-3.2-1B-Instruct-GGUF:Q4_K_M,1.8105263157894735,1.5578947368421054,2.073684210526315,0.6615999999999999,65
nemotron-mini:4b-instruct-q4_K_M,1.7894736842105263,1.5578947368421052,2.031578947368421,0.6429999999999999,66
gemma:2b-instruct-q8_0,1.7894736842105263,1.5421052631578949,2.0315789473684216,0.5991473684210527,67
llama3.2:1b,1.7842105263157895,1.5526315789473686,2.0263157894736836,0.6110947368421052,68
llama3.2:1b-instruct-q8_0,1.7789473684210524,1.5473684210526315,2.0315789473684207,0.6110947368421052,69
qwen2:1.5b,1.7473684210526315,1.4789473684210528,2.021052631578948,0.6645894736842105,70
falcon3:1b-instruct-q8_0,1.7052631578947368,1.4105263157894736,2.026315789473684,0.6303684210526317,71
falcon3:1b,1.7052631578947368,1.4105263157894736,2.036842105263158,0.6303684210526317,72
internlm2:1.8b,1.6105263157894738,1.3842105263157893,1.8631578947368423,0.6167157894736842,73
deepseek-r1:7b,1.5894736842105264,1.3736842105263158,1.8052631578947371,0.39222105263157897,74
stablelm2:1.6b,1.5631578947368423,1.3736842105263156,1.7789473684210524,0.7202210526315789,75
deepseek-coder:1.3b-instruct-q8_0,1.5052631578947369,1.3105263157894738,1.7157894736842105,0.6802105263157895,76
stablelm2:1.6b-chat,1.489473684210526,1.3105263157894735,1.689473684210526,0.7202210526315789,77
deepseek-coder:1.3b,1.4789473684210528,1.2894736842105265,1.7,0.639484210526316,78
hf.co/unsloth/DeepSeek-R1-Distill-Qwen-1.5B-GGUF:Q4_K_M,1.4473684210526316,1.3,1.6210526315789473,0.5124631578947368,79
qwen2.5:0.5b-instruct-q8_0,1.4421052631578946,1.305263157894737,1.5999999999999996,0.7049578947368421,80
tinyllama:1.1b-chat-v1-q8_0,1.4263157894736844,1.2157894736842105,1.6947368421052633,0.7321473684210527,81
deepseek-r1:1.5b-qwen-distill-q8_0,1.4052631578947372,1.2210526315789476,1.6157894736842107,0.4721157894736841,82
smollm2:360m,1.3894736842105262,1.194736842105263,1.605263157894737,0.5681263157894737,83
qwen2.5:0.5b,1.3842105263157893,1.194736842105263,1.5999999999999999,0.6267263157894737,84
qwen2.5:0.5b-instruct-q4_K_M,1.3789473684210527,1.2,1.5789473684210527,0.6267263157894737,85
qwen2:0.5b-instruct-q8_0,1.3578947368421053,1.205263157894737,1.5421052631578949,0.6621263157894738,86
stablelm2:1.6b-zephyr,1.3526315789473682,1.163157894736842,1.5894736842105264,0.6689894736842106,87
tinyllama:1.1b,1.3421052631578947,1.1631578947368422,1.5578947368421054,0.6677789473684211,88
smollm:1.7b,1.3157894736842106,1.1631578947368422,1.5052631578947369,0.5882842105263159,89
smollm2:360m-instruct-q8_0,1.2684210526315791,1.1210526315789473,1.4473684210526316,0.5389473684210526,90
deepseek-r1:1.5b,1.2578947368421054,1.1368421052631579,1.3842105263157896,0.44805263157894737,91
smollm2:135m,1.173684210526316,1.0894736842105264,1.2736842105263155,0.4996842105263158,92
smollm2:135m-instruct-q8_0,1.1421052631578947,1.063157894736842,1.231710526315788,0.4548,93
smollm:360m,1.0842105263157895,1.010526315789474,1.194736842105263,0.48528421052631576,94
phi:2.7b,1.0,1.0,1.0,0.1683157894736842,95
