model,chatok_quality,family,size_gb,params_b,bracket,is_moe
aya-expanse:8b,2.895,aya,,,4-5GB,
codegemma:2b,1.07,codegemma,,,2-3B,
codegemma:2b-code-q6_K,1.235,codegemma,,,2-3B,
cogito:3b,2.365,cogito,,,3-4B,
cogito:3b-v1-preview-llama-q8_0,2.37,cogito,,,3-4B,
cogito:8b,2.875,cogito,,,4-5GB,
command-r7b:latest,2.63,command,,,4-5GB,
deepseek-coder:1.3b,1.37,deepseek-coder,1.74,1.0,1-2B,False
deepseek-coder:1.3b-instruct-q8_0,1.395,deepseek-coder,2.4,1.0,1-2B,False
exaone-deep:7.8b,2.125,exaone,,,4-5GB,
exaone3.5:7.8b,3.14,exaone,,,4-5GB,
falcon3:1b,1.545,falcon3,2.24,1.7,1-2B,False
falcon3:1b-instruct-q8_0,1.54,falcon3,2.24,1.7,1-2B,False
falcon3:3b,1.985,falcon3,2.56,3.2,3-4B,False
falcon3:3b-instruct-q4_K_M,1.995,falcon3,2.56,3.2,3-4B,False
falcon3:3b-instruct-q8_0,2.22,falcon3,3.99,3.2,3-4B,False
falcon3:7b,2.835,falcon,,,4-5GB,
gemma2:2b,2.385,gemma2,1.96,2.6,2-3B,False
gemma2:2b-instruct-q4_K_M,2.54,,,,,
gemma2:2b-instruct-q8_0,2.445,gemma2,3.11,2.6,2-3B,False
gemma3:1b,1.855,gemma3,0.95,0.9998900000000001,0-1B,False
gemma3:1b-it-q8_0,1.79,gemma3,1.21,0.9998900000000001,0-1B,False
gemma3:1b-it-qat,1.99,gemma3,1.14,0.9998900000000001,0-1B,False
gemma3:270m,1.28,gemma,,,0-1B,
gemma3:270m-it-qat,1.245,gemma,,,0-1B,
gemma3:4b,2.94,gemma3,2.94,4.3,3-4B,False
gemma3:4b-it-q4_K_M,2.88,gemma3,2.94,4.3,3-4B,False
gemma3:4b-it-q8_0,2.78,gemma3,4.58,4.3,3-4B,False
gemma3:4b-it-qat,2.715,gemma3,3.6,4.3,3-4B,False
gemma3n:e2b,2.835,,,,,
gemma4:e2b-it-qat,3.185,,,,,
gemma:2b,1.775,gemma,2.0,3.0,2-3B,False
gemma:2b-instruct-q4_K_M,1.83,,,,,
gemma:2b-instruct-q8_0,1.79,gemma,2.99,3.0,2-3B,False
granite3.1-dense:2b,2.46,granite3.1-dense,2.07,2.5,2-3B,False
granite3.1-dense:2b-instruct-q8_0,2.59,granite3.1-dense,3.19,2.5,2-3B,False
granite3.1-moe:3b,1.875,granite3.1-moe,2.46,3.3,2-3B,True
granite3.2:2b,2.52,granite3.2,2.04,2.5,2-3B,False
granite3.2:2b-instruct-q4_K_M,2.535,granite3.2,2.04,2.5,2-3B,False
granite3.3:2b,2.475,granite3.3,2.04,2.5,2-3B,False
granite3.3:8b,3.265,granite,,,4-5GB,
granite4.1:3b,2.98,,,,,
granite4:1b-h,2.235,granite4,1.75,1.5,0-1B,False
granite4:350m,1.525,granite,,,0-1B,
granite4:350m-bf16,1.51,granite,,,0-1B,
granite4:350m-h,1.59,granite,,,0-1B,
granite4:micro,2.72,granite4,2.6,3.4,2-3B,False
granite4:micro-h,3.015,granite,,,2-3B,
granite4:tiny-h,2.775,granite4,4.43,6.9,4-5GB,True
hf.co/LiquidAI/LFM2-1.2B-GGUF:Q4_K_M,1.86,LFM,,,1-2B,
hf.co/LiquidAI/LFM2-1.2B-GGUF:Q8_0,1.95,LFM,,,1-2B,
hf.co/LiquidAI/LFM2-350M-GGUF:Q4_K_M,1.325,LFM,,,0-1B,
hf.co/LiquidAI/LFM2-700M-GGUF:Q4_K_M,1.395,LFM,,,0-1B,
hf.co/NousResearch/Hermes-3-Llama-3.2-3B-GGUF:Q4_K_M,2.11,Hermes,,,3-4B,
hf.co/NousResearch/Hermes-3-Llama-3.2-3B-GGUF:Q8_0,2.22,Hermes,,,3-4B,
hf.co/Qwen/Qwen2.5-1.5B-Instruct-GGUF:Q4_K_M,2.075,qwen2.5,1.38,1.78,1-2B,False
hf.co/Qwen/Qwen2.5-3B-Instruct-GGUF:Q4_K_M,2.65,qwen2.5,2.44,3.4,2-3B,False
hf.co/Qwen/Qwen3-4B-GGUF:Q4_K_M,2.875,qwen3,3.32,4.02,3-4B,False
hf.co/allenai/OLMo-2-0425-1B-Instruct-GGUF:Q4_K_M,1.695,OLMo,,,0-1B,
hf.co/bartowski/Llama-3.2-3B-Instruct-GGUF:IQ4_XS,2.385,Llama,,,3-4B,
hf.co/bartowski/Llama-3.2-3B-Instruct-GGUF:Q3_K_L,2.25,Llama,,,3-4B,
hf.co/bartowski/Llama-3.2-3B-Instruct-GGUF:Q5_K_M,2.52,Llama,,,3-4B,
hf.co/bartowski/Llama-3.2-3B-Instruct-GGUF:Q6_K,2.42,Llama,,,3-4B,
hf.co/ggml-org/SmolLM3-3B-GGUF:Q4_K_M,2.245,SmolLM,,,3-4B,
hf.co/ggml-org/SmolLM3-3B-GGUF:Q8_0,2.295,SmolLM,,,3-4B,
hf.co/openbmb/MiniCPM3-4B-GGUF:Q4_K_M,2.315,MiniCPM,,,3-4B,
hf.co/tiiuae/Falcon-H1-0.5B-Instruct-GGUF:Q4_K_M,1.69,,,,,
hf.co/tiiuae/Falcon-H1-1.5B-Deep-Instruct-GGUF:IQ4_XS,2.365,Falcon,,,1-2B,
hf.co/tiiuae/Falcon-H1-1.5B-Deep-Instruct-GGUF:Q4_K_M,2.39,Falcon,,,1-2B,
hf.co/tiiuae/Falcon-H1-3B-Instruct-GGUF:Q4_K_M,2.915,,,,,
hf.co/unsloth/Llama-3.1-8B-Instruct-GGUF:Q4_K_M,3.06,Llama,,,4-5GB,
hf.co/unsloth/Llama-3.2-1B-Instruct-GGUF:Q4_K_M,1.615,llama3.2,1.09,1.24,0-1B,False
hf.co/unsloth/Phi-4-mini-instruct-GGUF:Q4_K_M,2.49,phi4-mini,3.21,3.84,3-4B,False
hf.co/unsloth/Qwen3-4B-GGUF:Q4_K_M,3.38,qwen3,3.32,4.02,3-4B,False
internlm2:1.8b,1.49,internlm2,1.68,1.9,1-2B,False
internlm2:7b,2.525,internlm,,,4-5GB,
llama3.1:8b,3.035,llama,,,4-5GB,
llama3.2:1b,1.645,llama3.2,1.6,1.2,0-1B,False
llama3.2:1b-instruct-q4_K_M,1.53,,,,,
llama3.2:1b-instruct-q8_0,1.625,llama3.2,1.6,1.2,0-1B,False
llama3.2:3b,2.515,llama3.2,2.67,3.2,3-4B,False
llama3.2:3b-instruct-q4_K_M,2.435,,,,,
llama3.2:3b-instruct-q8_0,2.5,llama3.2,4.07,3.2,3-4B,False
ministral-3:3b,2.81,ministral-3,2.85,3.8,2-3B,False
mistral:7b-instruct-q4_K_M,2.31,mistral,5.18,7.0,4-5GB,False
nemotron-mini:4b,1.66,nemotron-mini,3.02,4.2,3-4B,False
nemotron-mini:4b-instruct-q4_K_M,1.665,nemotron-mini,3.02,4.2,3-4B,False
nemotron-mini:4b-instruct-q8_0,1.745,nemotron-mini,4.78,4.2,3-4B,False
olmo2:7b,2.515,olmo,,,4-5GB,
opencoder:1.5b,1.535,opencoder,,,1-2B,
phi3.5:3.8b,2.395,phi3.5,4.04,3.8,3-4B,False
phi3.5:3.8b-mini-instruct-q8_0,2.565,phi3.5,5.93,3.8,3-4B,False
phi3:3.8b,2.11,phi3,4.04,3.8,3-4B,False
phi3:3.8b-mini-128k-instruct-q8_0,2.33,phi3,5.93,3.8,3-4B,False
phi3:mini,2.18,,,,,
phi3:mini-128k,2.16,,,,,
phi3:mini-4k,2.255,,,,,
phi4-mini,2.46,phi4-mini,,3.8,3-4B,False
phi4-mini-reasoning,2.46,phi4-mini-reasoning,,3.8,3-4B,False
qwen2-math:1.5b,1.28,qwen,,,1-2B,
qwen2.5-coder:0.5b,1.57,,,,,
qwen2.5-coder:1.5b,1.955,qwen2.5-coder,1.25,1.5,1-2B,False
qwen2.5-coder:1.5b-instruct-q8_0,1.92,qwen2.5-coder,1.91,1.5,1-2B,False
qwen2.5-coder:3b,2.425,qwen2.5-coder,2.26,3.1,2-3B,False
qwen2.5-coder:3b-instruct-q4_K_M,2.45,qwen2.5-coder,2.26,3.1,2-3B,False
qwen2.5-coder:3b-instruct-q8_0,2.66,qwen2.5-coder,3.62,3.1,2-3B,False
qwen2.5:0.5b,1.26,qwen2.5,0.53,0.49402999999999997,0-1B,False
qwen2.5:0.5b-instruct-q4_K_M,1.265,qwen2.5,0.53,0.49402999999999997,0-1B,False
qwen2.5:0.5b-instruct-q8_0,1.325,qwen2.5,0.67,0.49402999999999997,0-1B,False
qwen2.5:1.5b,1.845,qwen2.5,1.25,1.5,1-2B,False
qwen2.5:1.5b-instruct-q4_K_M,1.855,qwen2.5,1.25,1.5,1-2B,False
qwen2.5:1.5b-instruct-q8_0,1.96,qwen2.5,1.91,1.5,1-2B,False
qwen2.5:3b,2.485,qwen2.5,2.26,3.1,2-3B,False
qwen2.5:3b-instruct-q4_K_M,2.52,qwen2.5,2.26,3.1,2-3B,False
qwen2.5:3b-instruct-q8_0,2.67,qwen2.5,3.62,3.1,2-3B,False
qwen2.5:7b,3.08,qwen2.5,5.22,7.6,4-5GB,False
qwen2:0.5b-instruct-q8_0,1.34,qwen2,0.67,0.49402999999999997,0-1B,False
qwen2:1.5b,1.595,qwen2,1.2,1.5,1-2B,False
qwen2:1.5b-instruct-q8_0,1.705,qwen2,1.91,1.5,1-2B,False
qwen3.5:2b,2.28,,,,,
qwen3:0.6b,1.775,qwen3,1.09,0.75163,0-1B,False
qwen3:0.6b-fp16,1.86,qwen3,2.07,0.75163,0-1B,False
qwen3:0.6b-q8_0,2.01,qwen3,1.4,0.75163,0-1B,False
qwen3:1.7b,2.63,qwen3,1.97,2.0,1-2B,False
qwen3:1.7b-fp16,2.82,qwen3,4.68,2.0,1-2B,False
qwen3:1.7b-q8_0,2.75,qwen3,2.83,2.0,1-2B,False
qwen3:4b,2.8,qwen3,3.32,4.0,3-4B,False
qwen3:4b-instruct-2507-q4_K_M,3.36,qwen3,3.32,4.0,3-4B,False
qwen3:4b-instruct-2507-q8_0,3.59,qwen3,5.1,4.0,4-5GB,False
qwen3:4b-q8_0,3.4,qwen3,5.19,4.0,3-4B,False
qwen3:4b-thinking-2507-q4_K_M,2.865,qwen,,,3-4B,
qwen3:4b-thinking-2507-q8_0,3.035,qwen,,,3-4B,
qwen3:8b,3.51,qwen,,,4-5GB,
sailor2:1b,1.22,sailor,,,1-2B,
smallthinker:3b-preview-q4_K_M,2.47,smallthinker,,,3-4B,
smollm2:1.7b,1.835,smollm2,2.82,1.7,1-2B,False
smollm2:1.7b-instruct-q8_0,1.85,smollm2,2.82,1.7,1-2B,False
smollm2:135m,1.095,smollm2,0.41,0.13452,0-1B,False
smollm2:135m-instruct-q8_0,1.095,smollm2,0.29,0.13452,0-1B,False
smollm2:360m,1.345,smollm2,0.96,0.36182,0-1B,False
smollm2:360m-instruct-q8_0,1.265,smollm2,0.62,0.36182,0-1B,False
smollm:1.7b,1.215,smollm,1.27,1.7,1-2B,False
smollm:360m,1.065,smollm,0.3,0.36182,0-1B,False
stablelm2:1.6b,1.385,stablelm2,1.46,2.0,1-2B,False
stablelm2:1.6b-chat,1.38,stablelm2,1.46,2.0,1-2B,False
stablelm2:1.6b-zephyr,1.415,stablelm2,1.46,2.0,1-2B,False
starcoder2:3b,1.02,starcoder,,,2-3B,
starcoder2:3b-q6_K,1.105,starcoder,,,3-4B,
starcoder2:3b-q8_0,1.055,starcoder,,,3-4B,
tinyllama:1.1b,1.285,tinyllama,0.71,1.0,0-1B,False
tinyllama:1.1b-chat-v1-q8_0,1.41,tinyllama,1.24,1.0,0-1B,False
yi-coder:1.5b,1.58,yi,,,1-2B,
