model,n_runs,quality,quality_sd,det_score,decode_tps,wall_s,energy_wh,wh_per_det_correct,j_per_output_token,mean_watts,trunc_rate,safety,quality_nonsafety,family,org,training_regime,tools_capable,thinking_capable,is_moe,quant,params_b,size_gb,bracket,is_reasoning,is_tools,arch_class,quality_per_wh,quality_per_gb,quality_per_bparam
aya-expanse:8b,100,2.895,1.0524022543925422,0.8105100000000001,3.1456701030927836,87.6374,0.22236650000000002,0.2743538019271817,3.1170446226929367,9.103,0.0,2.86,2.9066666666666667,aya,,,,,,,8.0,,4-5GB,False,False,,13.01904738348627,,0.361875
codegemma:2b,100,1.07,0.2463880490345883,0.5299900000000001,9.8314,40.7897,0.10250500000000001,0.19340930960961528,0.9903598937226592,8.901,0.51,1.1,1.06,codegemma,,,,,,,2.0,,2-3B,False,False,,10.438515194380761,,0.535
codegemma:2b-code-q6_K,100,1.235,0.6334728713906215,0.41715,9.179494949494948,21.4501,0.0531285,0.12736066163250628,1.2821787222631897,8.289,0.11,1.14,1.2666666666666666,codegemma,,,,,,q6_K,2.0,,2-3B,False,False,,23.245527353492005,,0.6175
cogito:3b,100,2.365,1.0071837925220957,0.7003400000000001,7.3903,19.0147,0.0465268,0.06643458891395608,1.3620922176140522,8.743,0.0,2.2,2.42,cogito,,,,,,,3.0,,3-4B,True,False,,50.830918954237134,,0.7883333333333334
cogito:3b-v1-preview-llama-q8_0,100,2.37,0.9006731489347959,0.7304900000000001,4.9777,27.645300000000002,0.0701172,0.09598652958972743,2.044233236151604,9.072000000000001,0.0,2.14,2.4466666666666668,cogito,,,,,,q8_0,3.0,,3-4B,True,False,,33.80055107733908,,0.79
cogito:8b,100,2.875,1.155520347171469,0.78768,3.5856,35.667699999999996,0.0910097,0.11554146353849279,2.9527299927901947,9.136999999999999,0.0,2.58,2.973333333333333,cogito,,,,,,,8.0,,4-5GB,True,False,,31.590039303502813,,0.359375
command-r7b:latest,100,2.63,1.06510302057803,0.7195100000000001,3.1812222222222224,85.4411,0.2194048,0.3049364150602493,3.6251940517716177,9.26,0.0,2.26,2.7533333333333334,command,,,,,,,7.0,,4-5GB,False,False,,11.986975672364505,,0.3757142857142857
deepseek-coder:1.3b,100,1.37,0.5578638912961845,0.65351,16.2984,26.6977,0.0654276,0.10011721320255237,0.5803606258469879,8.824,0.37,1.52,1.32,deepseek-coder,DeepSeek,code/math,False,False,False,Q4_0,1.0,1.74,1-2B,False,False,dense,20.939175516143035,0.7873563218390806,1.37
deepseek-coder:1.3b-instruct-q8_0,100,1.395,0.5698440332426253,0.67022,10.6833,39.9683,0.097566,0.14557309540150995,0.8648829134963434,8.785,0.45,1.34,1.4133333333333333,deepseek-coder,DeepSeek,code/math,False,False,False,Q8_0,1.0,2.4,1-2B,False,False,dense,14.298013652296907,0.58125,1.395
exaone-deep:7.8b,100,2.125,1.0034662148993578,0.7513500000000001,3.573846153846154,134.1368,0.34637929999999995,0.4610092500166367,2.6609877723480078,9.299,0.12,2.36,2.046666666666667,exaone,,,,,,,7.8,,4-5GB,True,False,,6.134893164805173,,0.27243589743589747
exaone3.5:7.8b,100,3.14,1.1170849510573437,0.7689900000000001,3.5897979797979795,70.2889,0.18174089999999998,0.2363371435259236,2.8317127894395155,9.304,0.0,2.72,3.28,exaone,,,,,,,7.8,,4-5GB,False,False,,17.277343734954545,,0.4025641025641026
falcon3:1b,100,1.545,0.7038673830554256,0.59984,10.8828,40.7717,0.0995422,0.16594791944518536,0.8765947162426614,8.539,0.44,1.92,1.42,falcon3,TII,instruct,False,False,False,Q8_0,1.7,2.24,1-2B,False,False,dense,15.521055391582665,0.6897321428571428,0.9088235294117647
falcon3:1b-instruct-q8_0,100,1.54,0.7023769168568492,0.59984,10.7574,41.221599999999995,0.09960649999999999,0.1660551146972526,0.8771609589041095,8.435,0.44,1.92,1.4133333333333333,falcon3,TII,instruct,False,False,False,Q8_0,1.7,2.24,1-2B,False,False,dense,15.460838399100462,0.6875,0.9058823529411765
falcon3:3b,100,1.985,0.8745994754310354,0.60148,8.73265306122449,23.987199999999998,0.058601600000000004,0.09742900844583362,1.1639490206896552,8.618,0.02,1.88,2.02,falcon3,TII,instruct,False,False,False,Q4_K_M,3.2,2.56,3-4B,False,False,dense,33.87279528204008,0.775390625,0.6203125
falcon3:3b-instruct-q4_K_M,100,1.995,0.880469915855887,0.60148,8.778163265306123,23.875799999999998,0.058018900000000005,0.09646023142914145,1.1523753931034484,8.558,0.02,1.9,2.026666666666667,falcon3,TII,instruct,False,False,False,Q4_K_M,3.2,2.56,3-4B,False,False,dense,34.385346843873286,0.779296875,0.6234375
falcon3:3b-instruct-q8_0,100,2.22,1.0306416555826872,0.6738599999999999,5.765670103092783,38.3906,0.09732469999999999,0.1444286647078028,1.7430422367046416,8.986,0.01,2.0,2.2933333333333334,falcon3,TII,instruct,False,False,False,Q8_0,3.2,3.99,3-4B,False,False,dense,22.81024241533753,0.556390977443609,0.69375
falcon3:7b,100,2.835,0.8820745748266162,0.7800100000000001,3.8102666666666662,96.76989999999999,0.249071,0.31931770105511464,2.603756424775677,9.24,0.03,2.3,3.013333333333333,falcon,,,,,,,7.0,,4-5GB,False,False,,11.382296614218436,,0.40499999999999997
gemma2:2b,100,2.385,0.9370461864580399,0.7217,8.3517,26.5913,0.06473620000000001,0.08969959817098518,1.3477349063150592,8.753,0.0,2.64,2.3,gemma2,Google,instruct,False,False,False,Q4_0,2.6,1.96,2-3B,False,False,dense,36.841828837651875,1.2168367346938775,0.9173076923076922
gemma2:2b-instruct-q4_K_M,100,2.54,0.9092121131323904,0.7413599999999999,7.997000000000001,25.108400000000003,0.0600019,0.08093490342074026,1.3786497319377076,8.607000000000001,0.0,2.72,2.48,,,,,,,,2.0,,,False,False,,42.33199282022736,,1.27
gemma2:2b-instruct-q8_0,100,2.445,0.94252776397228,0.68904,5.7332,34.3971,0.0859835,0.12478738534773018,1.9414237330657302,9.005,0.0,2.66,2.3733333333333335,gemma2,Google,instruct,False,False,False,Q8_0,2.6,3.11,2-3B,False,False,dense,28.43568824251164,0.7861736334405145,0.9403846153846153
gemma3:1b,100,1.855,0.8417604208209164,0.6156900000000001,13.8495,10.153500000000001,0.0230552,0.037446117364257986,0.9570885608856088,8.102,0.0,2.24,1.7266666666666666,gemma3,Google,instruct,False,False,False,Q4_K_M,999.89,0.95,0-1B,False,False,dense,80.45907213990769,1.9526315789473685,0.0018552040724479693
gemma3:1b-it-q8_0,100,1.79,0.8621678104251709,0.60567,12.3388,10.6966,0.0239066,0.03947132927171562,0.9536150692520776,7.995,0.0,2.0,1.72,gemma3,Google,instruct,False,False,False,Q8_0,999.89,1.21,0-1B,False,False,dense,74.87472078840153,1.4793388429752068,0.0017901969216613828
gemma3:1b-it-qat,100,1.99,0.9480975102218595,0.6386999999999999,13.5791,9.1884,0.0205762,0.03221575074369814,0.8160661011347361,8.04,0.0,2.1,1.9533333333333334,gemma3,Google,instruct,False,False,False,Q4_0,999.89,1.14,0-1B,False,False,dense,96.71367891058603,1.7456140350877194,0.001990218924081649
gemma3:270m,100,1.28,0.5519478821831502,0.46085,35.6427,2.7718000000000003,0.0052651,0.01142475859824238,0.3100157016683023,6.784,0.0,1.28,1.28,gemma,,,,,,,,,0-1B,False,False,,243.11029230214052,,
gemma3:270m-it-qat,100,1.245,0.5527479561520812,0.51503,39.2492,4.1068999999999996,0.0077234999999999995,0.014996213812787604,0.23473701983959477,6.523,0.09,1.3,1.2266666666666666,gemma,,,,,,,,,0-1B,False,False,,161.19634880559335,,
gemma3:4b,100,2.94,1.064296609375071,0.7528199999999999,6.0698,26.0184,0.0641429,0.08520350150102284,2.2301954800077266,8.862,0.0,2.76,3.0,gemma3,Google,instruct,False,False,False,Q4_K_M,4.3,2.94,3-4B,False,False,dense,45.8351586847492,1.0,0.6837209302325582
gemma3:4b-it-q4_K_M,100,2.88,1.0615407137122377,0.7528199999999999,6.0924000000000005,25.922800000000002,0.064258,0.08535639329454583,2.234197411628356,8.914,0.0,2.74,2.9266666666666667,gemma3,Google,instruct,False,False,False,Q4_K_M,4.3,2.94,3-4B,False,False,dense,44.81932210775312,0.9795918367346939,0.6697674418604651
gemma3:4b-it-q8_0,100,2.78,1.0878576852853243,0.7388800000000001,4.1964,33.5184,0.0865949,0.11719751515807708,3.2619194307837187,9.302999999999999,0.0,2.72,2.8,gemma3,Google,instruct,False,False,False,Q8_0,4.3,4.58,3-4B,False,False,dense,32.103507250426986,0.6069868995633187,0.6465116279069767
gemma3:4b-it-qat,100,2.715,1.0900259472400486,0.76086,5.152100000000001,30.726399999999998,0.0770239,0.1012326840680283,2.4873164693218515,9.023,0.0,2.72,2.7133333333333334,gemma3,Google,instruct,False,False,False,Q4_0,4.3,3.6,3-4B,False,False,dense,35.248799398628215,0.7541666666666667,0.6313953488372093
gemma3n:e2b,100,2.835,1.0470135499301687,0.752,8.3215,27.5786,0.0648302,0.08621037234042553,1.3047222719141323,8.439,0.0,2.58,2.92,,,,,,,,2.0,,,False,False,,43.729619837668245,,1.4175
gemma4:e2b-it-qat,100,3.185,1.0339074651363371,0.7806700000000001,9.5018,20.9479,0.050452199999999996,0.06462679493255792,1.3090300540540538,8.645,0.0,2.94,3.2666666666666666,,,,,,,,2.0,,,False,False,,63.129060774356724,,1.5925
gemma:2b,100,1.775,0.8238092110201342,0.6133299999999999,9.3101,19.3631,0.0485105,0.07909363637845858,1.0917591897974492,8.894,0.02,1.68,1.8066666666666666,gemma,Google,instruct,False,False,False,Q4_0,3.0,2.0,2-3B,False,False,dense,36.590016594345556,0.8875,0.5916666666666667
gemma:2b-instruct-q4_K_M,100,1.83,0.8415353933031091,0.6570100000000001,8.9708,18.1848,0.0442981,0.06742378350405624,1.1036204844290656,8.657,0.01,1.64,1.8933333333333333,,,,,,,,2.0,,,False,False,,41.31102688377154,,0.915
gemma:2b-instruct-q8_0,100,1.79,0.8353913980157972,0.61369,6.527100000000001,24.0059,0.0608542,0.09916113998924539,1.5538344563444215,9.033999999999999,0.0,1.6,1.8533333333333333,gemma,Google,instruct,False,False,False,Q8_0,3.0,2.99,2-3B,False,False,dense,29.414567934505754,0.5986622073578595,0.5966666666666667
granite3.1-dense:2b,100,2.46,1.0042334631373564,0.7570100000000001,8.4563,34.2743,0.0831672,0.10986274950132759,1.1130182899628251,8.726999999999999,0.02,2.22,2.54,granite3.1-dense,IBM,instruct,False,False,False,Q4_K_M,2.5,2.07,2-3B,False,False,dense,29.578968631864488,1.1884057971014494,0.984
granite3.1-dense:2b-instruct-q8_0,100,2.59,1.0597788982289247,0.78134,5.7644,45.547700000000006,0.1141953,0.14615314715744745,1.6710148768392812,9.009,0.0,2.18,2.7266666666666666,granite3.1-dense,IBM,instruct,True,False,False,Q8_0,2.5,3.19,2-3B,False,True,dense,22.68044306552021,0.8119122257053292,1.036
granite3.1-moe:3b,100,1.875,0.7797143999276565,0.7330200000000001,18.2695,14.9031,0.0334147,0.0455849772175384,0.48841983028137564,8.058,0.02,1.58,1.9733333333333334,granite3.1-moe,IBM,instruct,False,False,True,Q4_K_M,3.3,2.46,2-3B,False,False,moe,56.11302809841178,0.7621951219512195,0.5681818181818182
granite3.2:2b,100,2.52,0.9819584636034382,0.79668,8.1201,50.859300000000005,0.1216954,0.15275317567906813,1.122996616425715,8.61,0.11,2.14,2.6466666666666665,granite3.2,IBM,instruct,False,False,False,Q4_K_M,2.5,2.04,2-3B,False,False,dense,20.707438407696593,1.2352941176470589,1.008
granite3.2:2b-instruct-q4_K_M,100,2.535,0.9981169138619852,0.79668,8.2081,50.343199999999996,0.12217510000000001,0.1533552994928955,1.1274232543832667,8.722,0.11,2.1,2.68,granite3.2,IBM,instruct,False,False,False,Q4_K_M,2.5,2.04,2-3B,False,False,dense,20.748908738359944,1.2426470588235294,1.014
granite3.3:2b,100,2.475,0.9438129201715925,0.79318,8.7186,31.567800000000002,0.0769426,0.09700521949620515,1.090138769727262,8.777000000000001,0.0,2.16,2.58,granite3.3,IBM,instruct,False,False,False,Q4_K_M,2.5,2.04,2-3B,False,False,dense,32.16683605700873,1.2132352941176472,0.99
granite3.3:8b,100,3.265,1.059957593967844,0.77634,3.188488372093023,83.5865,0.2138138,0.27541257696370147,3.0869447764186884,9.206,0.0,2.82,3.4133333333333336,granite,,,,,,,8.0,,4-5GB,False,False,,15.270295930384288,,0.408125
granite4.1:3b,100,2.98,1.1279730636514476,0.81018,6.8038,30.4873,0.07475799999999999,0.09227332197783208,1.4329081035033542,8.799,0.0,2.74,3.06,,,,,,,,3.0,,,False,False,,39.86195457342358,,0.9933333333333333
granite4:1b-h,100,2.235,1.0811866843726141,0.63251,9.19,11.6448,0.028435600000000002,0.04495675957692369,1.1361615982241955,8.692,0.0,2.36,2.1933333333333334,granite4,IBM,instruct,True,False,False,Q8_0,1.5,1.75,0-1B,False,True,hybrid-ssm,78.59865802022816,1.2771428571428571,1.49
granite4:350m,100,1.525,0.7499999999999999,0.55236,20.0528,5.9622,0.0129306,0.023409732782967634,0.44228180522565325,7.707999999999999,0.0,1.38,1.5733333333333333,granite,,,,,,,,,0-1B,False,False,,117.93729602647981,,
granite4:350m-bf16,100,1.51,0.7176701923937658,0.55236,20.648899999999998,5.8001,0.012712099999999999,0.023014157433557825,0.43480817102137764,7.795,0.0,1.4,1.5466666666666666,granite,,,,,,bf16,,,0-1B,False,False,,118.7844651945784,,
granite4:350m-h,100,1.59,0.7048891309054828,0.57634,31.196399999999997,3.7233,0.0080541,0.013974563625637643,0.3056262253610203,7.669,0.0,1.66,1.5666666666666667,granite,,,,,,,,,0-1B,False,False,,197.41498118970463,,
granite4:micro,100,2.72,1.069125952837318,0.78718,6.6959,32.7513,0.0798973,0.10149813257450646,1.4329212374831863,8.762,0.0,2.66,2.74,granite4,IBM,instruct,True,False,False,Q4_K_M,3.4,2.6,2-3B,False,True,hybrid-ssm,34.043703604502284,1.0461538461538462,0.8
granite4:micro-h,100,3.015,1.0186518125206057,0.74101,6.9304,26.671,0.0651603,0.08793444083075802,1.4174698169073658,8.754,0.0,2.58,3.16,granite,,,,,,,,,2-3B,False,False,,46.2705052002523,,
granite4:tiny-h,100,2.775,1.0109876159458924,0.79584,12.9881,23.2444,0.054763200000000005,0.0688118214716526,0.7073064255731353,8.459,0.0,2.52,2.86,granite4,IBM,instruct,True,False,True,Q4_K_M,6.9,4.43,4-5GB,False,True,hybrid-ssm,50.67271452362169,0.626410835214447,0.4021739130434782
hf.co/LiquidAI/LFM2-1.2B-GGUF:Q4_K_M,100,1.86,0.7353965466386695,0.69038,18.6894,8.0769,0.0186997,0.027086097511515396,0.5100691013789969,8.286,0.0,1.78,1.8866666666666667,LFM,,,,,,,1.2,,1-2B,False,False,,99.46683636635882,,1.55
hf.co/LiquidAI/LFM2-1.2B-GGUF:Q8_0,100,1.95,0.7334022006230878,0.6942100000000001,13.1337,12.4628,0.030554,0.044012618660059635,0.7447653869591713,8.798,0.0,1.94,1.9533333333333334,LFM,,,,,,,1.2,,1-2B,False,False,,63.82143090920992,,1.625
hf.co/LiquidAI/LFM2-350M-GGUF:Q4_K_M,100,1.325,0.483959886475286,0.65951,51.0967,5.1657,0.0112774,0.017099664902730814,0.16978353964536635,7.822,0.0,1.24,1.3533333333333333,LFM,,,,,,,,,0-1B,False,False,,117.4916204089595,,
hf.co/LiquidAI/LFM2-700M-GGUF:Q4_K_M,100,1.395,0.5188127472091126,0.61068,27.4327,9.7844,0.0220955,0.03618179734066942,0.3228238636363636,8.091000000000001,0.04,1.28,1.4333333333333333,LFM,,,,,,,,,0-1B,False,False,,63.13502749428616,,
hf.co/NousResearch/Hermes-3-Llama-3.2-3B-GGUF:Q4_K_M,100,2.11,0.8485876561092613,0.69002,7.3903,31.3491,0.0769492,0.111517347323266,1.3036099764705882,8.779,0.0,1.84,2.2,Hermes,,,,,,,3.0,,3-4B,False,False,,27.420687934377487,,0.7033333333333333
hf.co/NousResearch/Hermes-3-Llama-3.2-3B-GGUF:Q8_0,100,2.22,0.8713161993168262,0.7025199999999999,4.9119,39.155,0.0991791,0.14117619427204922,2.012426783902604,9.087,0.0,1.96,2.3066666666666666,Hermes,,,,,,,3.0,,3-4B,False,False,,22.38374818888254,,0.7400000000000001
hf.co/Qwen/Qwen2.5-1.5B-Instruct-GGUF:Q4_K_M,100,2.075,0.9958880104173005,0.70235,13.455,16.8053,0.0384287,0.054714458603260484,0.6704629252689736,8.152999999999999,0.01,1.82,2.16,qwen2.5,Alibaba/Qwen,instruct,False,False,False,Q4_K_M,1.78,1.38,1-2B,False,False,dense,53.99610187177812,1.5036231884057973,1.1657303370786518
hf.co/Qwen/Qwen2.5-3B-Instruct-GGUF:Q4_K_M,100,2.65,0.905928844174348,0.7929999999999999,7.624700000000001,39.4292,0.09588630000000001,0.12091588902900378,1.230714061608671,8.711,0.06,2.32,2.76,qwen2.5,Alibaba/Qwen,instruct,False,False,False,Q4_K_M,3.4,2.44,2-3B,False,False,dense,27.6368991190608,1.0860655737704918,0.7794117647058824
hf.co/Qwen/Qwen3-4B-GGUF:Q4_K_M,100,2.875,1.0525941979008557,0.79034,5.460909090909091,103.9487,0.2571047,0.3253089809449098,1.6830201291026459,8.908999999999999,0.93,2.96,2.8466666666666667,qwen3,Alibaba/Qwen,instruct,False,False,False,Q4_K_M,4.02,3.32,3-4B,False,False,dense,11.182214871995727,0.8659638554216867,0.7151741293532339
hf.co/allenai/OLMo-2-0425-1B-Instruct-GGUF:Q4_K_M,100,1.695,0.6431260460524914,0.72836,15.6336,26.897100000000002,0.0618127,0.08486558844527431,0.5538634542150982,8.266,0.1,1.7,1.6933333333333334,OLMo,,,,,,,1.0,,0-1B,False,False,,27.421549293268214,,1.695
hf.co/bartowski/Llama-3.2-3B-Instruct-GGUF:IQ4_XS,100,2.385,0.9343473928390073,0.74117,6.8085,25.2731,0.06516,0.08791505322665515,1.6321736710269967,9.218,0.0,2.32,2.4066666666666667,Llama,,,,,,IQ4_XS,3.0,,3-4B,False,False,,36.60220994475138,,0.7949999999999999
hf.co/bartowski/Llama-3.2-3B-Instruct-GGUF:Q3_K_L,100,2.25,0.8660254037844386,0.72099,7.1326,25.2144,0.06620140000000001,0.09182013620161167,1.5644285151634503,9.382,0.0,2.18,2.2733333333333334,Llama,,,,,,,3.0,,3-4B,False,False,,33.98719664538816,,0.75
hf.co/bartowski/Llama-3.2-3B-Instruct-GGUF:Q5_K_M,100,2.52,1.014839391184137,0.73784,6.4382,29.086,0.0742849,0.10067887346850266,1.6487400739827374,9.135,0.0,2.3,2.5933333333333333,Llama,,,,,,,3.0,,3-4B,False,False,,33.92344877626543,,0.84
hf.co/bartowski/Llama-3.2-3B-Instruct-GGUF:Q6_K,100,2.42,1.0217829534888532,0.77033,5.9675,29.656799999999997,0.0734838,0.09539262394038918,1.681337739926274,8.86,0.0,2.24,2.48,Llama,,,,,,,3.0,,3-4B,False,False,,32.93242864413653,,0.8066666666666666
hf.co/ggml-org/SmolLM3-3B-GGUF:Q4_K_M,100,2.245,0.900322613334136,0.7190000000000001,7.437157894736842,45.477399999999996,0.110296,0.1534019471488178,1.2446027019402564,8.658,0.07,2.12,2.2866666666666666,SmolLM,,,,,,,3.0,,3-4B,False,False,,20.35431928628418,,0.7483333333333334
hf.co/ggml-org/SmolLM3-3B-GGUF:Q8_0,100,2.295,0.858984013444683,0.726,5.14659793814433,54.4165,0.1382926,0.1904856749311295,1.8857367523957425,9.066,0.02,2.0,2.3933333333333335,SmolLM,,,,,,,3.0,,3-4B,False,False,,16.59524804653322,,0.765
hf.co/openbmb/MiniCPM3-4B-GGUF:Q4_K_M,100,2.315,0.9838468099529242,0.65484,5.217878787878789,31.864,0.0784251,0.11976223199560199,1.9663627246134558,8.847000000000001,0.0,2.46,2.2666666666666666,MiniCPM,,,,,,,4.0,,3-4B,False,False,,29.518610750894805,,0.57875
hf.co/tiiuae/Falcon-H1-0.5B-Instruct-GGUF:Q4_K_M,100,1.69,0.7377963366291773,0.69435,28.2827,15.324100000000001,0.0342942,0.04939036508965219,0.318283843357653,8.087,0.15,1.46,1.7666666666666666,,,,,,,,0.5,,,False,False,,49.279469997842206,,3.38
hf.co/tiiuae/Falcon-H1-1.5B-Deep-Instruct-GGUF:IQ4_XS,100,2.365,0.9557243802002182,0.77684,10.345999999999998,41.109399999999994,0.1053772,0.13564852479275014,1.1150370936452885,9.235,0.07,2.04,2.473333333333333,Falcon,,,,,,IQ4_XS,1.5,,1-2B,True,False,,22.443185053313243,,1.5766666666666669
hf.co/tiiuae/Falcon-H1-1.5B-Deep-Instruct-GGUF:Q4_K_M,100,2.39,0.8807136683716029,0.76901,10.5787,39.2297,0.09332829999999999,0.12136162078516534,0.9146595159665695,8.583,0.07,2.2,2.453333333333333,Falcon,,,,,,,1.5,,1-2B,True,False,,25.60852388825255,,1.5933333333333335
hf.co/tiiuae/Falcon-H1-3B-Instruct-GGUF:Q4_K_M,100,2.915,1.005175998459368,0.8371599999999999,6.7098,49.967600000000004,0.1248902,0.14918319078790196,1.5632987482614744,9.011000000000001,0.01,2.54,3.04,,,,,,,,3.0,,,False,False,,23.340502297217874,,0.9716666666666667
hf.co/unsloth/Llama-3.1-8B-Instruct-GGUF:Q4_K_M,100,3.06,1.1574964275530093,0.79566,3.5701,47.1267,0.12042220000000001,0.15134881733403716,2.882254637324646,9.152,0.0,2.78,3.1533333333333333,Llama,,,,,,,8.0,,4-5GB,False,False,,25.41059704938126,,0.3825
hf.co/unsloth/Llama-3.2-1B-Instruct-GGUF:Q4_K_M,100,1.615,0.7242376695672506,0.6470100000000001,17.0678,7.9606,0.0180221,0.02785443810760266,0.5631906250000001,8.039,0.0,1.84,1.54,llama3.2,Meta,instruct,False,False,False,Q4_K_M,1.24,1.09,0-1B,False,False,dense,89.61219835646234,1.4816513761467889,1.3024193548387097
hf.co/unsloth/Phi-4-mini-instruct-GGUF:Q4_K_M,100,2.49,0.9292660294745276,0.7620100000000001,5.9803999999999995,41.896499999999996,0.10440899999999999,0.1370178869043713,1.626941955590183,8.943000000000001,0.03,2.18,2.5933333333333333,phi4-mini,Microsoft,instruct,False,False,False,Q4_K_M,3.84,3.21,3-4B,False,False,dense,23.848518805850077,0.7757009345794393,0.6484375000000001
hf.co/unsloth/Qwen3-4B-GGUF:Q4_K_M,100,3.38,1.1373369569021106,0.81667,5.9385,37.103699999999996,0.0933401,0.11429353349578164,1.6783595225013732,9.008,0.0,3.08,3.48,qwen3,Alibaba/Qwen,instruct,False,False,False,Q4_K_M,4.02,3.32,3-4B,False,False,dense,36.211660368908966,1.0180722891566265,0.8407960199004976
internlm2:1.8b,100,1.49,0.639523180963676,0.59418,13.808172043010753,12.601500000000001,0.030893099999999996,0.05199283045541755,0.7222232612507306,8.758,0.03,1.36,1.5333333333333334,internlm2,Shanghai AI Lab,instruct,False,False,False,Q4_0,1.9,1.68,1-2B,False,False,dense,48.23083471713749,0.886904761904762,0.7842105263157895
internlm2:7b,100,2.525,0.9464847243000456,0.80502,3.803421052631579,102.98700000000001,0.2759291,0.34276055253285637,2.584614159706502,9.642999999999999,0.01,2.32,2.5933333333333333,internlm,,,,,,,7.0,,4-5GB,False,False,,9.150901445335052,,0.3607142857142857
llama3.1:8b,100,3.035,1.1376366606773762,0.79317,3.5744,43.0339,0.1099057,0.1385651247525751,2.9047832024080464,9.151,0.0,2.6,3.18,llama,,,,,,,8.0,,4-5GB,False,False,,27.614582319206377,,0.379375
llama3.2:1b,100,1.645,0.7222824372722343,0.61785,11.5229,11.385399999999999,0.0269072,0.043549728898599975,0.8415074276778732,8.416,0.0,1.46,1.7066666666666668,llama3.2,Meta,instruct,True,False,False,Q8_0,1.2,1.6,0-1B,False,True,dense,61.136052803710534,1.028125,1.3708333333333333
llama3.2:1b-instruct-q4_K_M,100,1.53,0.69565752632987,0.60952,16.4427,10.04,0.022604799999999998,0.03708623178894868,0.5679201619094144,7.987,0.01,1.58,1.5133333333333334,,,,,,,,1.0,,,False,False,,67.68473952434881,,1.53
llama3.2:1b-instruct-q8_0,100,1.625,0.7155382236435378,0.61785,11.833599999999999,11.1094,0.026446499999999998,0.0428040786598689,0.8270992963252541,8.482999999999999,0.0,1.46,1.68,llama3.2,Meta,instruct,False,False,False,Q8_0,1.2,1.6,0-1B,False,False,dense,61.44480366021969,1.015625,1.3541666666666667
llama3.2:3b,100,2.515,0.9884560964177692,0.72051,7.3148,22.147100000000002,0.053927300000000004,0.07484601185271544,1.3506211214693198,8.686,0.0,2.44,2.54,llama3.2,Meta,instruct,True,False,False,Q4_K_M,3.2,2.67,3-4B,False,True,dense,46.636861107453925,0.9419475655430712,0.7859375
llama3.2:3b-instruct-q4_K_M,100,2.435,0.9578358392488218,0.72051,7.2494000000000005,22.3224,0.053858199999999995,0.07475010756269863,1.3488904967302073,8.611,0.0,2.34,2.466666666666667,,,,,,,,3.0,,,False,False,,45.21131415457628,,0.8116666666666666
llama3.2:3b-instruct-q8_0,100,2.5,0.9587449708822043,0.7148300000000001,5.0667,31.4362,0.08039450000000001,0.11246660045045676,2.003878695561864,9.149,0.0,2.24,2.5866666666666664,llama3.2,Meta,instruct,False,False,False,Q8_0,3.2,4.07,3-4B,False,False,dense,31.096654621895773,0.6142506142506142,0.78125
ministral-3:3b,100,2.81,1.1520293907586374,0.8411700000000001,5.8887,43.4816,0.10715519999999999,0.12738828060915153,1.6631115326579002,8.831,0.01,2.78,2.82,ministral-3,Mistral AI,instruct,True,False,False,Q4_K_M,3.8,2.85,2-3B,False,True,dense,26.22364570268172,0.9859649122807017,0.7394736842105264
mistral:7b-instruct-q4_K_M,100,2.31,1.0889249633273985,0.73116,3.7432,73.3497,0.18922930000000002,0.2588069642759451,2.693868554254983,9.279,0.03,2.24,2.3333333333333335,mistral,Mistral AI,instruct,False,False,False,Q4_K_M,7.0,5.18,4-5GB,False,False,dense,12.207411854295291,0.445945945945946,0.33
nemotron-mini:4b,100,1.66,0.6922368952836297,0.6104999999999999,6.560600000000001,28.2073,0.0678951,0.11121228501228501,1.4928379649422832,8.568999999999999,0.02,1.76,1.6266666666666667,nemotron-mini,NVIDIA,instruct,False,False,False,Q4_K_M,4.2,3.02,3-4B,False,False,dense,24.4494816268037,0.5496688741721854,0.3952380952380952
nemotron-mini:4b-instruct-q4_K_M,100,1.665,0.7387369783842712,0.6104999999999999,6.5489999999999995,28.277399999999997,0.0677532,0.11097985257985259,1.489717950284004,8.531,0.02,1.84,1.6066666666666667,nemotron-mini,NVIDIA,instruct,False,False,False,Q4_K_M,4.2,3.02,3-4B,False,False,dense,24.57448504277289,0.5513245033112583,0.3964285714285714
nemotron-mini:4b-instruct-q8_0,100,1.745,0.8572183107722515,0.6095,4.664848484848485,44.0138,0.1105912,0.18144577522559474,2.135881545064378,8.935,0.03,1.74,1.7466666666666666,nemotron-mini,NVIDIA,instruct,False,False,False,Q8_0,4.2,4.78,3-4B,False,False,dense,15.778832312155037,0.36506276150627615,0.4154761904761905
olmo2:7b,100,2.515,0.8179025898385738,0.7631600000000001,3.762967032967033,75.9651,0.1941669,0.25442489124167933,2.5712740114033474,9.179,0.0,2.22,2.6133333333333333,olmo,,,,,,,7.0,,4-5GB,False,False,,12.952774134005333,,0.3592857142857143
opencoder:1.5b,100,1.535,0.7080168633499337,0.6896899999999999,9.8651,28.6807,0.0743624,0.10782003508822804,1.013188403603058,9.32,0.02,1.22,1.64,opencoder,,,,,,,1.5,,1-2B,False,False,,20.6421524856648,,1.0233333333333332
phi3.5:3.8b,100,2.395,1.0132829931674685,0.75467,6.7324,57.3687,0.1490855,0.19755058502391773,1.501826678232644,9.369000000000002,0.24,2.38,2.4,phi3.5,Microsoft,instruct,False,False,False,Q4_0,3.8,4.04,3-4B,False,False,dense,16.06460722203031,0.5928217821782178,0.6302631578947369
phi3.5:3.8b-mini-instruct-q8_0,100,2.565,1.0016526747371473,0.77751,4.283563218390805,84.3845,0.21851859999999998,0.28104924695502304,2.2967037253299076,9.329,0.07,2.4,2.62,phi3.5,Microsoft,instruct,False,False,False,Q8_0,3.8,5.93,3-4B,False,False,dense,11.738131216290055,0.4325463743676223,0.675
phi3:3.8b,100,2.11,0.8892739065147929,0.7363599999999999,6.891,42.031800000000004,0.1096987,0.14897427888532785,1.5199573550919867,9.422,0.09,2.08,2.12,phi3,Microsoft,instruct,False,False,False,Q4_0,3.8,4.04,3-4B,False,False,dense,19.234503234769416,0.5222772277227723,0.5552631578947368
phi3:3.8b-mini-128k-instruct-q8_0,100,2.33,0.9980283593468704,0.73884,4.352680412371134,47.76649999999999,0.12320130000000001,0.16674963456228684,2.362315206391478,9.286999999999999,0.02,2.54,2.26,phi3,Microsoft,instruct,False,False,False,Q8_0,3.8,5.93,3-4B,False,False,dense,18.912138102438853,0.3929173693086004,0.6131578947368421
phi3:mini,100,2.18,0.9252900173251715,0.7363599999999999,6.997999999999999,41.4561,0.10882839999999999,0.1477923841599218,1.5078986990993766,9.469,0.09,2.12,2.2,,,,,,,,,,,False,False,,20.031535885853327,,
phi3:mini-128k,100,2.16,0.8787042802451868,0.7363599999999999,6.9155999999999995,41.9005,0.1089084,0.14790102667173666,1.509007158802248,9.375,0.09,2.12,2.1733333333333333,,,,,,,,,,,False,False,,19.833180911665217,,
phi3:mini-4k,100,2.255,1.0789421493371005,0.7061799999999999,6.1526,60.5732,0.1537809,0.21776445098983263,1.6094753612233625,9.135,0.22,2.14,2.2933333333333334,,,,,,,,,,,False,False,,14.663719616675412,,
phi4-mini,100,2.46,1.016728761143981,0.7478400000000001,6.029399999999999,38.5503,0.0958175,0.12812566859221222,1.6190706406946724,8.912,0.02,2.32,2.506666666666667,phi4-mini,Microsoft,instruct,True,False,False,Q4_K_M,3.8,,3-4B,False,True,dense,25.673806976804862,,0.6473684210526316
phi4-mini-reasoning,100,2.46,1.0652452650669115,0.81635,4.857731958762886,115.73559999999999,0.2828102,0.3464325350646169,1.8527045293250597,8.802,0.92,2.34,2.5,phi4-mini-reasoning,Microsoft,reasoning,False,False,False,Q4_K_M,3.8,,3-4B,True,False,dense,8.698413282123488,,0.6473684210526316
qwen2-math:1.5b,100,1.28,0.5189344171404796,0.6495000000000001,14.4625,30.8686,0.0745381,0.11476227867590454,0.631768046334228,8.684,0.17,1.14,1.3266666666666667,qwen,,,,,,,1.5,,1-2B,False,False,,17.172425913727345,,0.8533333333333334
qwen2.5-coder:0.5b,100,1.57,0.678009564605817,0.68404,25.1723,11.333499999999999,0.025064600000000003,0.03664200923922578,0.3491701880659392,7.8629999999999995,0.07,1.62,1.5533333333333332,,,,,,,,0.5,,,False,False,,62.6381430383888,,3.14
qwen2.5-coder:1.5b,100,1.955,0.9642472334794263,0.71238,13.4719,22.7936,0.052542900000000003,0.07375684325781184,0.6614254143646409,8.264,0.04,2.04,1.9266666666666667,qwen2.5-coder,Alibaba/Qwen,code/math,False,False,False,Q4_K_M,1.5,1.25,1-2B,False,False,dense,37.207691238968536,1.564,1.3033333333333335
qwen2.5-coder:1.5b-instruct-q8_0,100,1.92,0.8279218232747252,0.7152,9.2174,30.898600000000002,0.0742927,0.10387681767337809,0.9973290077189843,8.618,0.07,1.94,1.9133333333333333,qwen2.5-coder,Alibaba/Qwen,code/math,False,False,False,Q8_0,1.5,1.91,1-2B,False,False,dense,25.843723542151515,1.0052356020942408,1.28
qwen2.5-coder:3b,100,2.425,1.0307764064044151,0.74901,7.659199999999999,38.221599999999995,0.094148,0.1256965861603984,1.2476819436775262,8.807,0.04,2.48,2.4066666666666667,qwen2.5-coder,Alibaba/Qwen,code/math,False,False,False,Q4_K_M,3.1,2.26,2-3B,False,False,dense,25.75731826485958,1.073008849557522,0.782258064516129
qwen2.5-coder:3b-instruct-q4_K_M,100,2.45,1.0624442944398913,0.74901,7.739299999999999,37.7889,0.09297190000000001,0.12412638015513813,1.2320958586416346,8.793000000000001,0.04,2.48,2.44,qwen2.5-coder,Alibaba/Qwen,code/math,False,False,False,Q4_K_M,3.1,2.26,2-3B,False,False,dense,26.352048307069126,1.0840707964601772,0.7903225806451614
qwen2.5-coder:3b-instruct-q8_0,100,2.66,1.0845098506521809,0.7930200000000001,5.234646464646465,60.6628,0.1558029,0.19646780661269575,1.8675182792834788,9.209,0.02,2.66,2.66,qwen2.5-coder,Alibaba/Qwen,code/math,False,False,False,Q8_0,3.1,3.62,2-3B,False,False,dense,17.07285294432902,0.7348066298342542,0.8580645161290322
qwen2.5:0.5b,100,1.26,0.440844002276808,0.59919,24.646900000000002,14.6249,0.032463700000000005,0.05417930873345683,0.348208801358639,7.94,0.14,1.18,1.2866666666666666,qwen2.5,Alibaba/Qwen,instruct,True,False,False,Q4_K_M,494.03,0.53,0-1B,False,True,dense,38.81258143711283,2.3773584905660377,0.002550452401676012
qwen2.5:0.5b-instruct-q4_K_M,100,1.265,0.45201568757973637,0.59919,25.011,14.4344,0.0319782,0.05336904821509037,0.34300128117271994,7.926,0.14,1.22,1.28,qwen2.5,Alibaba/Qwen,instruct,False,False,False,Q4_K_M,494.03,0.53,0-1B,False,False,dense,39.55819902308448,2.3867924528301883,0.002560573244539805
qwen2.5:0.5b-instruct-q8_0,100,1.325,0.478713553878169,0.66669,23.425900000000002,15.6318,0.034305,0.05145569905053323,0.3595179179645425,7.86,0.19,1.38,1.3066666666666666,qwen2.5,Alibaba/Qwen,instruct,False,False,False,Q8_0,494.03,0.67,0-1B,False,False,dense,38.62410727299227,1.9776119402985073,0.00268202335890533
qwen2.5:1.5b,100,1.845,0.7510766682677354,0.70851,13.269,23.378400000000003,0.053494799999999995,0.07550323919210737,0.6662328928250191,8.171999999999999,0.05,1.74,1.88,qwen2.5,Alibaba/Qwen,instruct,True,False,False,Q4_K_M,1.5,1.25,1-2B,False,True,dense,34.48933354269948,1.476,1.23
qwen2.5:1.5b-instruct-q4_K_M,100,1.855,0.7497305913432902,0.70851,13.399000000000001,23.175300000000004,0.053314700000000007,0.07524904376790731,0.6639898982910123,8.213,0.05,1.7,1.9066666666666667,qwen2.5,Alibaba/Qwen,instruct,False,False,False,Q4_K_M,1.5,1.25,1-2B,False,False,dense,34.79340594620245,1.484,1.2366666666666666
qwen2.5:1.5b-instruct-q8_0,100,1.96,0.8277998098891574,0.74318,9.5393,31.925900000000002,0.0777736,0.1046497483785893,0.9743012840588787,8.72,0.06,2.02,1.94,qwen2.5,Alibaba/Qwen,instruct,False,False,False,Q8_0,1.5,1.91,1-2B,False,False,dense,25.201353672711562,1.0261780104712042,1.3066666666666666
qwen2.5:3b,100,2.485,1.0309723761595364,0.7728499999999999,7.3687000000000005,45.0056,0.1087773,0.14074826939250826,1.256411319301848,8.68,0.07,2.5,2.48,qwen2.5,Alibaba/Qwen,instruct,True,False,False,Q4_K_M,3.1,2.26,2-3B,False,True,dense,22.844839870083188,1.0995575221238938,0.8016129032258064
qwen2.5:3b-instruct-q4_K_M,100,2.52,1.0272056829824856,0.7728499999999999,7.7127,43.116400000000006,0.10583500000000001,0.13694119169308405,1.2224268480492815,8.805,0.07,2.52,2.52,qwen2.5,Alibaba/Qwen,instruct,False,False,False,Q4_K_M,3.1,2.26,2-3B,False,False,dense,23.810648651202342,1.1150442477876108,0.8129032258064516
qwen2.5:3b-instruct-q8_0,100,2.67,1.0155856150094589,0.78551,5.130599999999999,68.1516,0.17272310000000002,0.21988657050833219,1.868286641427799,9.091999999999999,0.14,2.38,2.7666666666666666,qwen2.5,Alibaba/Qwen,instruct,False,False,False,Q8_0,3.1,3.62,2-3B,False,False,dense,15.458268176057514,0.7375690607734806,0.8612903225806451
qwen2.5:7b,100,3.08,1.1230370079441376,0.8326699999999999,3.734787234042553,67.8509,0.17359290000000002,0.20847742803271407,2.675004023628114,9.184,0.0,2.84,3.16,qwen2.5,Alibaba/Qwen,instruct,True,False,False,Q4_K_M,7.6,5.22,4-5GB,False,True,dense,17.74266113418233,0.5900383141762453,0.4052631578947369
qwen2:0.5b-instruct-q8_0,100,1.34,0.5406692448468214,0.61819,24.073600000000003,8.915600000000001,0.019274100000000002,0.031178278522784257,0.36210604321052087,7.667000000000001,0.02,1.42,1.3133333333333332,qwen2,Alibaba/Qwen,instruct,False,False,False,Q8_0,494.03,0.67,0-1B,False,False,dense,69.52334998780746,2.0,0.002712385887496711
qwen2:1.5b,100,1.595,0.723679570813023,0.58852,14.750499999999999,11.3568,0.0268809,0.045675423095221906,0.6624990757855822,8.412,0.0,1.52,1.62,qwen2,Alibaba/Qwen,instruct,False,False,False,Q4_0,1.5,1.2,1-2B,False,False,dense,59.33581092894955,1.3291666666666666,1.0633333333333332
qwen2:1.5b-instruct-q8_0,100,1.705,0.7490566457791151,0.6256900000000001,9.5726,18.1641,0.044024400000000005,0.07036136105739264,1.0037228625712478,8.656,0.0,1.76,1.6866666666666668,qwen2,Alibaba/Qwen,instruct,False,False,False,Q8_0,1.5,1.91,1-2B,False,False,dense,38.72852327345744,0.8926701570680629,1.1366666666666667
qwen3.5:2b,100,2.28,1.003327796219494,0.82884,7.7094000000000005,42.4792,0.102946,0.12420491289030451,1.1996038065643813,8.666,0.1,2.32,2.2666666666666666,,,,,,,,2.0,,,False,False,,22.147533658422862,,1.14
qwen3:0.6b,100,1.775,0.7666501974515662,0.6805100000000001,26.2069,6.9326,0.0153814,0.022602753816990197,0.35928523228653,7.892,0.01,1.84,1.7533333333333334,qwen3,Alibaba/Qwen,instruct,True,True,False,Q4_K_M,751.63,1.09,0-1B,False,True,dense,115.39911841574889,1.628440366972477,0.0023615342655295825
qwen3:0.6b-fp16,100,1.86,0.8441121089791644,0.69435,13.048,12.300899999999999,0.0282127,0.04063181392669403,0.7062493567902093,8.177999999999999,0.01,1.8,1.88,qwen3,Alibaba/Qwen,instruct,True,True,False,F16,751.63,2.07,0-1B,False,True,dense,65.92775593970092,0.8985507246376813,0.0024746218219070556
qwen3:0.6b-q8_0,100,2.01,0.8875684637129564,0.6781900000000001,20.1964,8.2784,0.0188819,0.02784160780902107,0.47208028335301067,8.081,0.0,1.9,2.046666666666667,qwen3,Alibaba/Qwen,instruct,False,False,False,Q8_0,751.63,1.4,0-1B,False,False,dense,106.45115163198618,1.4357142857142857,0.0026741880978673016
qwen3:1.7b,100,2.63,1.1317725438042272,0.74383,12.15,15.388800000000002,0.0365625,0.04915437667208906,0.7951730804083852,8.442,0.01,2.8,2.5733333333333333,qwen3,Alibaba/Qwen,instruct,True,True,False,Q4_K_M,2.0,1.97,1-2B,False,True,dense,71.93162393162393,1.3350253807106598,1.315
qwen3:1.7b-fp16,100,2.82,1.1470647652846704,0.76767,5.231599999999999,34.1582,0.08118539999999999,0.10575559810856228,1.7547276657060518,8.515,0.0,2.78,2.8333333333333335,qwen3,Alibaba/Qwen,instruct,True,True,False,F16,2.0,4.68,1-2B,False,True,dense,34.73530955073203,0.6025641025641025,1.41
qwen3:1.7b-q8_0,100,2.75,1.1601549879044595,0.76166,8.6222,21.6608,0.0533985,0.07010805346217473,1.1284022070908664,8.832,0.0,2.58,2.8066666666666666,qwen3,Alibaba/Qwen,instruct,False,False,False,Q8_0,2.0,2.83,1-2B,False,False,dense,51.49957395806998,0.9717314487632509,1.375
qwen3:4b,100,2.8,0.9265990819042819,0.82785,5.5561,102.5183,0.2570734,0.3105313764570876,1.6789989840348332,9.029,1.0,3.02,2.7266666666666666,qwen3,Alibaba/Qwen,instruct,True,True,False,Q4_K_M,4.0,3.32,3-4B,False,True,dense,10.891830893433548,0.8433734939759036,0.7
qwen3:4b-instruct-2507-q4_K_M,100,3.36,1.0566767039003258,0.8811599999999999,5.8771,43.6125,0.1089977,0.12369796631712743,1.6711031046377922,8.96,0.01,3.1,3.4466666666666668,qwen3,Alibaba/Qwen,instruct,True,True,False,Q4_K_M,4.0,3.32,3-4B,False,True,dense,30.82633853741868,1.0120481927710843,0.84
qwen3:4b-instruct-2507-q8_0,100,3.59,1.099540767316019,0.87901,3.9312,62.101400000000005,0.16050709999999999,0.18259985665692086,2.538330521876647,9.282,0.0,3.66,3.566666666666667,qwen3,Alibaba/Qwen,instruct,True,True,False,Q8_0,4.0,5.1,4-5GB,False,True,dense,22.366611819664055,0.703921568627451,0.8975
qwen3:4b-q8_0,100,3.4,1.02247471629109,0.8468300000000001,3.9436,53.4169,0.1389434,0.16407472574188442,2.5771355556700497,9.335,0.0,3.02,3.526666666666667,qwen3,Alibaba/Qwen,instruct,False,False,False,Q8_0,4.0,5.19,3-4B,False,False,dense,24.470395859033246,0.6551059730250481,0.85
qwen3:4b-thinking-2507-q4_K_M,100,2.865,0.9714484655462282,0.82785,5.5097000000000005,103.36370000000001,0.2587354,0.3125389865313765,1.6898538461538464,9.011000000000001,1.0,3.04,2.8066666666666666,qwen,,,,,,q4_K_M,4.0,,3-4B,True,False,,11.073088568475749,,0.71625
qwen3:4b-thinking-2507-q8_0,100,3.035,0.8968378793395058,0.8096899999999999,3.8274747474747475,147.8314,0.38266599999999995,0.47260803517395544,2.5035394177298,9.317,0.99,3.46,2.8933333333333335,qwen,,,,,,q8_0,4.0,,3-4B,True,False,,7.9311984864085145,,0.75875
qwen3:8b,100,3.51,1.2185021439240364,0.8425100000000001,3.3642424242424243,62.804899999999996,0.1608916,0.19096699148971524,3.023015448851775,9.181000000000001,0.0,3.08,3.6533333333333333,qwen,,,,,,,8.0,,4-5GB,False,False,,21.8159307260292,,0.43875
sailor2:1b,100,1.22,0.42235510933791065,0.65318,14.236868686868688,24.4711,0.056498999999999994,0.08649836186043663,0.6234754620972933,8.266,0.07,1.26,1.2066666666666668,sailor,,,,,,,1.0,,1-2B,False,False,,21.59330253632808,,1.22
smallthinker:3b-preview-q4_K_M,100,2.47,0.8814015468948796,0.78319,7.3197,75.181,0.1830502,0.23372387287886717,1.2363615759849906,8.761000000000001,0.66,2.56,2.44,smallthinker,,,,,,q4_K_M,3.0,,3-4B,False,False,,13.493566245762093,,0.8233333333333334
smollm2:1.7b,100,1.835,0.7489217838892377,0.6600400000000001,8.7685,20.7698,0.0515045,0.07803239197624386,1.1363375620518477,8.92,0.03,1.78,1.8533333333333333,smollm2,Hugging Face,instruct,True,False,False,Q8_0,1.7,2.82,1-2B,False,True,dense,35.62795483889757,0.6507092198581561,1.0794117647058823
smollm2:1.7b-instruct-q8_0,100,1.85,0.7470480627649122,0.6600400000000001,8.6714,20.989099999999997,0.0519418,0.07869492758014665,1.1459856591285165,8.896,0.03,1.84,1.8533333333333333,smollm2,Hugging Face,instruct,False,False,False,Q8_0,1.7,2.82,1-2B,False,False,dense,35.6167864802529,0.6560283687943264,1.0882352941176472
smollm2:135m,100,1.095,0.32329584287491536,0.48001,43.9195,5.652,0.0119867,0.02497177142142872,0.1921629853936587,7.575,0.05,1.14,1.08,smollm2,Hugging Face,instruct,False,False,False,F16,134.52,0.41,0-1B,False,False,dense,91.35124763279302,2.6707317073170733,0.008140053523639607
smollm2:135m-instruct-q8_0,100,1.095,0.33101466292402676,0.46155,64.4798,3.8120999999999996,0.008140000000000001,0.017636225761022643,0.13704985501823966,7.598,0.06,1.1,1.0933333333333333,smollm2,Hugging Face,instruct,False,False,False,Q8_0,134.52,0.29,0-1B,False,False,dense,134.5208845208845,3.7758620689655173,0.008140053523639607
smollm2:360m,100,1.345,0.7095844565730713,0.54255,19.9025,7.891699999999999,0.0173387,0.031957791908579856,0.44044115156646907,7.879,0.02,1.6,1.26,smollm2,Hugging Face,instruct,False,False,False,F16,361.82,0.96,0-1B,False,False,dense,77.5721363193319,1.4010416666666667,0.0037173180034271187
smollm2:360m-instruct-q8_0,100,1.265,0.5705526295008226,0.54199,30.5257,5.5149,0.0123222,0.022735105813760405,0.30684042332434114,7.992999999999999,0.06,1.5,1.1866666666666668,smollm2,Hugging Face,instruct,False,False,False,Q8_0,361.82,0.62,0-1B,False,False,dense,102.66023924299232,2.040322580645161,0.0034962135868663972
smollm:1.7b,100,1.215,0.45089697360714337,0.5412,12.5007,30.710900000000002,0.0749611,0.1385090539541759,0.7611122518050542,8.785,0.25,1.46,1.1333333333333333,smollm,Hugging Face,instruct,False,False,False,Q4_0,1.7,1.27,1-2B,False,False,dense,16.208406760306346,0.9566929133858268,0.7147058823529412
smollm:360m,100,1.065,0.29002786351687254,0.50168,39.4138,11.708,0.025851600000000002,0.05153005900175411,0.21883408577878105,7.933,0.3,1.26,1.0,smollm,Hugging Face,instruct,False,False,False,Q4_0,361.82,0.3,0-1B,False,False,dense,41.19667641461263,3.55,0.0029434525454645954
stablelm2:1.6b,100,1.385,0.5263510753721841,0.65437,14.1323,23.9104,0.057245800000000006,0.08748231123064934,0.6577246991989277,8.603,0.04,1.38,1.3866666666666667,stablelm2,Stability AI,instruct,False,False,False,Q4_0,2.0,1.46,1-2B,False,False,dense,24.19391466273508,0.9486301369863014,0.6925
stablelm2:1.6b-chat,100,1.38,0.5510320894796996,0.65437,14.1401,23.9186,0.0572737,0.08752494765958097,0.6580452558005936,8.611,0.04,1.4,1.3733333333333333,stablelm2,Stability AI,instruct,False,False,False,Q4_0,2.0,1.46,1-2B,False,False,dense,24.09482886560498,0.9452054794520548,0.69
stablelm2:1.6b-zephyr,100,1.415,0.6437539840025781,0.6220300000000001,14.304300000000001,18.7371,0.0446021,0.07170409787309294,0.6554848138471587,8.565,0.05,1.24,1.4733333333333334,stablelm2,Stability AI,instruct,False,False,False,Q4_0,2.0,1.46,1-2B,False,False,dense,31.724963622789062,0.9691780821917809,0.7075
starcoder2:3b,100,1.02,0.09847319278346621,0.48547000000000007,8.045360824742268,54.3548,0.1384306,0.28514758893443465,1.2132392638036809,9.164,0.57,1.02,1.02,starcoder,,,,,,,3.0,,2-3B,False,False,,7.368313075288268,,0.34
starcoder2:3b-q6_K,100,1.105,0.36442150087917474,0.48631,6.001224489795918,73.24380000000001,0.1815079,0.3732349735765253,1.574716086275455,8.938,0.59,1.18,1.08,starcoder,,,,,,q6_K,3.0,,3-4B,False,False,,6.087889287463521,,0.36833333333333335
starcoder2:3b-q8_0,100,1.055,0.2649089799851407,0.49833,5.113645833333334,81.4122,0.2077656,0.4169237252423093,1.8786260109509216,9.192,0.51,1.0,1.0733333333333333,starcoder,,,,,,q8_0,3.0,,3-4B,False,False,,5.077837717119677,,0.3516666666666666
tinyllama:1.1b,100,1.285,0.5330254793311119,0.6598999999999999,20.5737,15.3519,0.037376900000000005,0.05664024852250342,0.47256037086464847,8.738999999999999,0.1,1.26,1.2933333333333332,tinyllama,TinyLlama (community),instruct,False,False,False,Q4_0,1.0,0.71,0-1B,False,False,dense,34.37952318143024,1.8098591549295775,1.285
tinyllama:1.1b-chat-v1-q8_0,100,1.41,0.6251464474889707,0.7196899999999999,13.085799999999999,25.1192,0.060696,0.08433631146743738,0.7099178010981514,8.692,0.14,1.5,1.38,tinyllama,TinyLlama (community),instruct,False,False,False,Q8_0,1.0,1.24,0-1B,False,False,dense,23.230525899565045,1.1370967741935483,1.41
yi-coder:1.5b,100,1.58,0.7061061241667987,0.6818500000000001,15.788599999999999,22.035999999999998,0.053132,0.07792329691281073,0.5884123419571169,8.676,0.04,1.48,1.6133333333333333,yi,,,,,,,1.5,,1-2B,False,False,,29.737258149514417,,1.0533333333333335
