model,total_wh,n,good,quality,params_b,wh_per_attempt,wh_per_good
aya-expanse:8b,22.23665,100,58,2.895,8.028033024,0.22236650000000002,0.38339051724137935
codegemma:2b,10.2505,100,0,1.07,2.506172416,0.10250500000000001,
codegemma:2b-code-q6_K,5.31285,100,3,1.235,2.506172416,0.0531285,1.77095
cogito:3b,4.65268,100,42,2.365,3.60675232,0.0465268,0.11077809523809524
cogito:3b-v1-preview-llama-q8_0,7.01172,100,43,2.37,3.60675232,0.0701172,0.1630632558139535
cogito:8b,9.10097,100,63,2.875,8.030261312,0.0910097,0.14445984126984127
command-r7b:latest,21.94048,100,54,2.63,8.028033024,0.2194048,0.4063051851851852
deepseek-coder:1.3b,6.54276,100,2,1.37,1.346471936,0.0654276,3.27138
deepseek-coder:1.3b-instruct-q8_0,9.7566,100,3,1.395,1.346471936,0.097566,3.2522
exaone-deep:7.8b,34.63793,100,32,2.125,7.81844896,0.34637929999999995,1.0824353125
exaone3.5:7.8b,18.17409,100,69,3.14,7.81844896,0.18174089999999998,0.2633926086956522
falcon3:1b,9.95422,100,9,1.545,1.669408768,0.0995422,1.1060244444444445
falcon3:1b-instruct-q8_0,9.96065,100,8,1.54,1.669408768,0.09960649999999999,1.24508125
falcon3:3b,5.86016,100,24,1.985,3.227655168,0.0586016,0.24417333333333333
falcon3:3b-instruct-q4_K_M,5.80189,100,27,1.995,3.227655168,0.058018900000000005,0.21488481481481483
falcon3:3b-instruct-q8_0,9.73247,100,32,2.22,3.227655168,0.09732469999999999,0.3041396875
falcon3:7b,24.9071,100,66,2.835,7.455550464,0.249071,0.377380303030303
gemma2:2b,6.47362,100,41,2.385,2.614341888,0.06473620000000001,0.15789317073170733
gemma2:2b-instruct-q4_K_M,6.00019,100,46,2.54,2.614341888,0.0600019,0.13043891304347827
gemma2:2b-instruct-q8_0,8.59835,100,46,2.445,2.614341888,0.0859835,0.18692065217391304
gemma3:1b,2.30552,100,13,1.855,0.999885952,0.0230552,0.17734769230769232
gemma3:1b-it-q8_0,2.39066,100,16,1.79,0.999885952,0.0239066,0.14941625
gemma3:1b-it-qat,2.05762,100,25,1.99,0.999885952,0.0205762,0.0823048
gemma3:270m,0.52651,100,2,1.28,0.268098176,0.0052651,0.263255
gemma3:270m-it-qat,0.77235,100,4,1.245,0.268098176,0.0077234999999999995,0.1930875
gemma3:4b,6.41429,100,60,2.94,4.299915632,0.0641429,0.10690483333333334
gemma3:4b-it-q4_K_M,6.4258,100,61,2.88,4.299915632,0.064258,0.10534098360655737
gemma3:4b-it-q8_0,8.65949,100,56,2.78,4.299915632,0.0865949,0.15463375
gemma3:4b-it-qat,7.70239,100,50,2.715,4.300079472,0.0770239,0.1540478
gemma3n:e2b,6.48302,100,59,2.835,4.456156768,0.0648302,0.10988169491525424
gemma4:e2b-it-qat,5.04522,100,72,3.185,4.628569635,0.050452199999999996,0.0700725
gemma:2b,4.85105,100,13,1.775,2.50643456,0.0485105,0.3731576923076923
gemma:2b-instruct-q4_K_M,4.42981,100,17,1.83,2.50643456,0.0442981,0.2605770588235294
gemma:2b-instruct-q8_0,6.08542,100,17,1.79,2.50643456,0.0608542,0.3579658823529412
granite3.1-dense:2b,8.31672,100,47,2.46,2.533531648,0.0831672,0.17695148936170213
granite3.1-dense:2b-instruct-q8_0,11.41953,100,48,2.59,2.533531648,0.1141953,0.237906875
granite3.1-moe:3b,3.34147,100,21,1.875,3.298793472,0.0334147,0.15911761904761906
granite3.2:2b,12.16954,100,50,2.52,2.533531648,0.1216954,0.2433908
granite3.2:2b-instruct-q4_K_M,12.21751,100,51,2.535,2.533531648,0.12217510000000001,0.23955901960784315
granite3.3:2b,7.69426,100,45,2.475,2.53353984,0.0769426,0.17098355555555556
granite3.3:8b,21.38138,100,72,3.265,8.17086464,0.2138138,0.29696361111111114
granite4.1:3b,7.4758,100,64,2.98,3.40283648,0.07475799999999999,0.116809375
granite4:1b-h,2.84356,100,29,2.235,1.461538368,0.028435600000000002,0.09805379310344828
granite4:350m,1.29306,100,7,1.525,0.352379904,0.0129306,0.18472285714285716
granite4:350m-bf16,1.27121,100,5,1.51,0.352379904,0.012712099999999999,0.25424199999999997
granite4:350m-h,0.80541,100,9,1.59,0.340332224,0.0080541,0.08949
granite4:micro,7.98973,100,59,2.72,3.40283648,0.0798973,0.13541915254237288
granite4:micro-h,6.51603,100,70,3.015,3.191396096,0.0651603,0.09308614285714285
granite4:tiny-h,5.47632,100,60,2.775,6.939037248,0.054763200000000005,0.091272
hf.co/LiquidAI/LFM2-1.2B-GGUF:Q4_K_M,1.86997,100,15,1.86,1.170340608,0.0186997,0.12466466666666666
hf.co/LiquidAI/LFM2-1.2B-GGUF:Q8_0,3.0554,100,19,1.95,1.170340608,0.030554,0.1608105263157895
hf.co/LiquidAI/LFM2-350M-GGUF:Q4_K_M,1.12774,100,2,1.325,0.354483968,0.0112774,0.56387
hf.co/LiquidAI/LFM2-700M-GGUF:Q4_K_M,2.20955,100,2,1.395,0.742489344,0.0220955,1.104775
hf.co/NousResearch/Hermes-3-Llama-3.2-3B-GGUF:Q4_K_M,7.69492,100,30,2.11,3.212749888,0.0769492,0.2564973333333333
hf.co/NousResearch/Hermes-3-Llama-3.2-3B-GGUF:Q8_0,9.917910000000001,100,36,2.22,3.212749888,0.0991791,0.2754975
hf.co/Qwen/Qwen2.5-1.5B-Instruct-GGUF:Q4_K_M,3.84287,100,25,2.075,1.777088,0.0384287,0.1537148
hf.co/Qwen/Qwen2.5-3B-Instruct-GGUF:Q4_K_M,9.58863,100,54,2.65,3.397103616,0.09588630000000001,0.17756722222222224
hf.co/Qwen/Qwen3-4B-GGUF:Q4_K_M,25.71047,100,57,2.875,4.022468096,0.2571047,0.4510608771929825
hf.co/allenai/OLMo-2-0425-1B-Instruct-GGUF:Q4_K_M,6.18127,100,9,1.695,1.484916736,0.0618127,0.6868077777777777
hf.co/bartowski/Llama-3.2-3B-Instruct-GGUF:IQ4_XS,6.516,100,41,2.385,3.212749888,0.06516,0.15892682926829269
hf.co/bartowski/Llama-3.2-3B-Instruct-GGUF:Q3_K_L,6.62014,100,35,2.25,3.212749888,0.06620140000000001,0.18914685714285714
hf.co/bartowski/Llama-3.2-3B-Instruct-GGUF:Q5_K_M,7.42849,100,46,2.52,3.212749888,0.0742849,0.16148891304347826
hf.co/bartowski/Llama-3.2-3B-Instruct-GGUF:Q6_K,7.34838,100,38,2.42,3.212749888,0.0734838,0.19337842105263156
hf.co/ggml-org/SmolLM3-3B-GGUF:Q4_K_M,11.0296,100,37,2.245,3.075098624,0.110296,0.2980972972972973
hf.co/ggml-org/SmolLM3-3B-GGUF:Q8_0,13.82926,100,37,2.295,3.075098624,0.1382926,0.3737637837837838
hf.co/openbmb/MiniCPM3-4B-GGUF:Q4_K_M,7.84251,100,38,2.315,4.073876,0.0784251,0.20638184210526314
hf.co/tiiuae/Falcon-H1-0.5B-Instruct-GGUF:Q4_K_M,3.42942,100,13,1.69,0.521411104,0.0342942,0.2638015384615385
hf.co/tiiuae/Falcon-H1-1.5B-Deep-Instruct-GGUF:IQ4_XS,10.53772,100,41,2.365,1.554874768,0.1053772,0.25701756097560974
hf.co/tiiuae/Falcon-H1-1.5B-Deep-Instruct-GGUF:Q4_K_M,9.33283,100,42,2.39,1.554874768,0.09332829999999999,0.22221023809523807
hf.co/tiiuae/Falcon-H1-3B-Instruct-GGUF:Q4_K_M,12.48902,100,64,2.915,3.149392384,0.1248902,0.1951409375
hf.co/unsloth/Llama-3.1-8B-Instruct-GGUF:Q4_K_M,12.04222,100,67,3.06,8.030261312,0.12042220000000001,0.17973462686567165
hf.co/unsloth/Llama-3.2-1B-Instruct-GGUF:Q4_K_M,1.80221,100,7,1.615,1.235814432,0.0180221,0.2574585714285714
hf.co/unsloth/Phi-4-mini-instruct-GGUF:Q4_K_M,10.4409,100,46,2.49,3.836021856,0.10440899999999999,0.22697608695652172
hf.co/unsloth/Qwen3-4B-GGUF:Q4_K_M,9.33401,100,72,3.38,4.022468096,0.0933401,0.12963902777777778
internlm2:1.8b,3.08931,100,4,1.49,1.889110016,0.030893099999999996,0.7723275
internlm2:7b,27.59291,100,42,2.525,7.737708544,0.2759291,0.6569740476190477
llama3.1:8b,10.99057,100,66,3.035,8.030261312,0.1099057,0.16652378787878788
llama3.2:1b,2.69072,100,6,1.645,1.235814432,0.0269072,0.4484533333333333
llama3.2:1b-instruct-q4_K_M,2.26048,100,8,1.53,1.235814432,0.022604799999999998,0.28256
llama3.2:1b-instruct-q8_0,2.64465,100,6,1.625,1.235814432,0.026446499999999998,0.440775
llama3.2:3b,5.39273,100,47,2.515,3.212749888,0.053927300000000004,0.11473893617021277
llama3.2:3b-instruct-q4_K_M,5.38582,100,41,2.435,3.212749888,0.053858199999999995,0.13136146341463414
llama3.2:3b-instruct-q8_0,8.03945,100,46,2.5,3.212749888,0.08039450000000001,0.17477065217391305
ministral-3:3b,10.71552,100,55,2.81,3.849090048,0.10715519999999999,0.19482763636363637
mistral:7b-instruct-q4_K_M,18.92293,100,41,2.31,7.241732096,0.18922930000000002,0.4615348780487805
nemotron-mini:4b,6.78951,100,8,1.66,4.190509056,0.0678951,0.84868875
nemotron-mini:4b-instruct-q4_K_M,6.77532,100,11,1.665,4.190509056,0.0677532,0.6159381818181818
nemotron-mini:4b-instruct-q8_0,11.05912,100,18,1.745,4.190509056,0.1105912,0.6143955555555556
olmo2:7b,19.41669,100,52,2.515,7.298617344,0.1941669,0.3733978846153846
opencoder:1.5b,7.43624,100,7,1.535,1.90565088,0.0743624,1.06232
phi3.5:3.8b,14.90855,100,39,2.395,3.821079648,0.1490855,0.38227051282051283
phi3.5:3.8b-mini-instruct-q8_0,21.85186,100,47,2.565,3.821079648,0.21851859999999998,0.4649331914893617
phi3:3.8b,10.96987,100,31,2.11,3.821079648,0.1096987,0.3538667741935484
phi3:3.8b-mini-128k-instruct-q8_0,12.32013,100,40,2.33,3.821079648,0.12320130000000001,0.30800325
phi3:mini,10.88284,100,32,2.18,3.821079648,0.10882839999999999,0.34008875
phi3:mini-128k,10.89084,100,34,2.16,3.821079648,0.1089084,0.32031882352941177
phi3:mini-4k,15.37809,100,34,2.255,3.821079552,0.1537809,0.45229676470588237
phi4-mini,9.58175,100,42,2.46,3.836021856,0.0958175,0.22813690476190476
phi4-mini-reasoning,28.28102,100,44,2.46,3.836021856,0.2828102,0.6427504545454545
qwen2-math:1.5b,7.45381,100,3,1.28,1.543714304,0.0745381,2.4846033333333333
qwen2.5-coder:0.5b,2.50646,100,10,1.57,0.494032768,0.025064600000000003,0.25064600000000004
qwen2.5-coder:1.5b,5.25429,100,26,1.955,1.543714304,0.052542900000000003,0.20208807692307693
qwen2.5-coder:1.5b-instruct-q8_0,7.42927,100,17,1.92,1.543714304,0.0742927,0.43701588235294114
qwen2.5-coder:3b,9.4148,100,37,2.425,3.085938688,0.094148,0.254454054054054
qwen2.5-coder:3b-instruct-q4_K_M,9.29719,100,44,2.45,3.085938688,0.09297190000000001,0.21129977272727274
qwen2.5-coder:3b-instruct-q8_0,15.58029,100,48,2.66,3.085938688,0.1558029,0.324589375
qwen2.5:0.5b,3.24637,100,2,1.26,0.494032768,0.032463700000000005,1.623185
qwen2.5:0.5b-instruct-q4_K_M,3.19782,100,1,1.265,0.494032768,0.0319782,3.19782
qwen2.5:0.5b-instruct-q8_0,3.4305,100,2,1.325,0.494032768,0.034305,1.71525
qwen2.5:1.5b,5.34948,100,19,1.845,1.543714304,0.053494799999999995,0.28155157894736843
qwen2.5:1.5b-instruct-q4_K_M,5.33147,100,18,1.855,1.543714304,0.053314700000000007,0.2961927777777778
qwen2.5:1.5b-instruct-q8_0,7.77736,100,22,1.96,1.543714304,0.0777736,0.35351636363636363
qwen2.5:3b,10.87773,100,43,2.485,3.085938688,0.1087773,0.2529704651162791
qwen2.5:3b-instruct-q4_K_M,10.5835,100,47,2.52,3.085938688,0.10583500000000001,0.22518085106382982
qwen2.5:3b-instruct-q8_0,17.27231,100,48,2.67,3.085938688,0.17272310000000002,0.3598397916666667
qwen2.5:7b,17.35929,100,69,3.08,7.615616512,0.17359290000000002,0.25158391304347827
qwen2:0.5b-instruct-q8_0,1.92741,100,3,1.34,0.494032768,0.019274100000000002,0.64247
qwen2:1.5b,2.68809,100,8,1.595,1.543714304,0.0268809,0.33601125
qwen2:1.5b-instruct-q8_0,4.40244,100,9,1.705,1.543714304,0.044024400000000005,0.48916000000000004
qwen3.5:2b,10.2946,100,37,2.28,2.274069824,0.10294600000000001,0.27823243243243245
qwen3:0.6b,1.53814,100,13,1.775,0.751632384,0.0153814,0.11831846153846154
qwen3:0.6b-fp16,2.82127,100,17,1.86,0.751632384,0.0282127,0.16595705882352943
qwen3:0.6b-q8_0,1.88819,100,18,2.01,0.751632384,0.0188819,0.10489944444444445
qwen3:1.7b,3.65625,100,52,2.63,2.031739904,0.0365625,0.0703125
qwen3:1.7b-fp16,8.11854,100,58,2.82,2.031739904,0.08118539999999999,0.13997482758620688
qwen3:1.7b-q8_0,5.33985,100,53,2.75,2.031739904,0.0533985,0.10075188679245284
qwen3:4b,25.70734,100,50,2.8,4.022468096,0.2570734,0.5141468
qwen3:4b-instruct-2507-q4_K_M,10.89977,100,76,3.36,4.022468096,0.1089977,0.14341802631578948
qwen3:4b-instruct-2507-q8_0,16.05071,100,82,3.59,4.022468096,0.16050709999999999,0.19574036585365853
qwen3:4b-q8_0,13.89434,100,79,3.4,4.022468096,0.1389434,0.17587772151898734
qwen3:4b-thinking-2507-q4_K_M,25.873540000000002,100,53,2.865,4.022468096,0.2587354,0.48818000000000006
qwen3:4b-thinking-2507-q8_0,38.2666,100,65,3.035,4.022468096,0.38266599999999995,0.588716923076923
qwen3:8b,16.08916,100,73,3.51,8.19073536,0.1608916,0.22039945205479453
sailor2:1b,5.6499,100,1,1.22,0.98806464,0.056498999999999994,5.6499
smallthinker:3b-preview-q4_K_M,18.30502,100,48,2.47,3.397103616,0.1830502,0.38135458333333333
smollm2:1.7b,5.15045,100,17,1.835,1.711376384,0.0515045,0.30296764705882356
smollm2:1.7b-instruct-q8_0,5.19418,100,18,1.85,1.711376384,0.0519418,0.2885655555555556
smollm2:135m,1.19867,100,1,1.095,0.134515008,0.0119867,1.19867
smollm2:135m-instruct-q8_0,0.8140000000000001,100,1,1.095,0.134515008,0.008140000000000001,0.8140000000000001
smollm2:360m,1.73387,100,6,1.345,0.36182112,0.0173387,0.28897833333333334
smollm2:360m-instruct-q8_0,1.23222,100,2,1.265,0.36182112,0.0123222,0.61611
smollm:1.7b,7.49611,100,2,1.215,1.711376384,0.0749611,3.748055
smollm:360m,2.58516,100,1,1.065,0.36182112,0.025851600000000002,2.58516
stablelm2:1.6b,5.7245800000000004,100,3,1.385,1.644515328,0.057245800000000006,1.9081933333333334
stablelm2:1.6b-chat,5.7273700000000005,100,3,1.38,1.644515328,0.057273700000000004,1.9091233333333335
stablelm2:1.6b-zephyr,4.46021,100,5,1.415,1.644515328,0.0446021,0.892042
starcoder2:3b,13.84306,100,0,1.02,3.030371328,0.1384306,
starcoder2:3b-q6_K,18.15079,100,2,1.105,3.030371328,0.1815079,9.075395
starcoder2:3b-q8_0,20.77656,100,1,1.055,3.030371328,0.2077656,20.77656
tinyllama:1.1b,3.73769,100,2,1.285,1.100048384,0.037376900000000005,1.868845
tinyllama:1.1b-chat-v1-q8_0,6.0696,100,7,1.41,1.100048384,0.060696,0.8670857142857143
yi-coder:1.5b,5.3132,100,9,1.58,1.47649536,0.053132,0.5903555555555555
