model,bracket,rows,dnf,dnf_rate,length,length_rate,dnf_partial_outputs,dnf_median_output_chars,dnf_mean_det_score
exaone-deep:7.8b,4-5GB,100,87,87.0,12,12.0,87,1890,0.76
falcon3:7b,4-5GB,100,25,25.0,3,3.0,25,1949,0.817
internlm2:7b,4-5GB,100,24,24.0,1,1.0,24,2065.0,0.802
granite3.3:8b,4-5GB,100,14,14.0,0,0.0,14,1938.0,0.891
phi3.5:3.8b-mini-instruct-q8_0,3-4B,100,13,13.0,7,7.0,13,2371,0.754
command-r7b:latest,4-5GB,100,10,10.0,0,0.0,10,1296.5,0.72
olmo2:7b,4-5GB,100,9,9.0,0,0.0,9,2180,0.733
qwen2.5:7b,4-5GB,100,6,6.0,0,0.0,6,1844.5,0.878
aya-expanse:8b,4-5GB,100,3,3.0,0,0.0,3,1378,0.822
phi3:3.8b-mini-128k-instruct-q8_0,3-4B,100,3,3.0,2,2.0,3,2029,0.783
phi4-mini-reasoning,3-4B,100,3,3.0,92,92.0,3,2533,1.0
starcoder2:3b-q8_0,3-4B,100,2,2.0,51,51.0,2,2324.0,0.734
codegemma:2b-code-q6_K,2-3B,100,1,1.0,11,11.0,1,463,0.25
exaone3.5:7.8b,4-5GB,100,1,1.0,0,0.0,1,1867,1.0
hf.co/Qwen/Qwen3-4B-GGUF:Q4_K_M,3-4B,100,1,1.0,93,93.0,1,3114,0.8
hf.co/openbmb/MiniCPM3-4B-GGUF:Q4_K_M,3-4B,100,1,1.0,0,0.0,1,388,0.8
qwen2.5-coder:3b-instruct-q8_0,2-3B,100,1,1.0,2,2.0,1,2792,0.8
qwen3:4b-thinking-2507-q8_0,3-4B,100,1,1.0,99,99.0,1,2425,1.0
qwen3:8b,4-5GB,100,1,1.0,0,0.0,1,1341,0.8
sailor2:1b,1-2B,100,1,1.0,7,7.0,1,1279,0.6
starcoder2:3b,2-3B,100,1,1.0,57,57.0,1,62,0.0
codegemma:2b,2-3B,100,0,0.0,51,51.0,0,,
cogito:3b,3-4B,100,0,0.0,0,0.0,0,,
cogito:3b-v1-preview-llama-q8_0,3-4B,100,0,0.0,0,0.0,0,,
cogito:8b,4-5GB,100,0,0.0,0,0.0,0,,
deepseek-coder:1.3b,1-2B,100,0,0.0,37,37.0,0,,
deepseek-coder:1.3b-instruct-q8_0,1-2B,100,0,0.0,45,45.0,0,,
falcon3:1b,1-2B,100,0,0.0,44,44.0,0,,
falcon3:1b-instruct-q8_0,1-2B,100,0,0.0,44,44.0,0,,
falcon3:3b,3-4B,100,0,0.0,2,2.0,0,,
falcon3:3b-instruct-q4_K_M,3-4B,100,0,0.0,2,2.0,0,,
falcon3:3b-instruct-q8_0,3-4B,100,0,0.0,1,1.0,0,,
gemma2:2b,2-3B,100,0,0.0,0,0.0,0,,
gemma2:2b-instruct-q4_K_M,2-3B,100,0,0.0,0,0.0,0,,
gemma2:2b-instruct-q8_0,2-3B,100,0,0.0,0,0.0,0,,
gemma3:1b,0-1B,100,0,0.0,0,0.0,0,,
gemma3:1b-it-q8_0,0-1B,100,0,0.0,0,0.0,0,,
gemma3:1b-it-qat,0-1B,100,0,0.0,0,0.0,0,,
gemma3:270m,0-1B,100,0,0.0,0,0.0,0,,
gemma3:270m-it-qat,0-1B,100,0,0.0,9,9.0,0,,
gemma3:4b,3-4B,100,0,0.0,0,0.0,0,,
gemma3:4b-it-q4_K_M,3-4B,100,0,0.0,0,0.0,0,,
gemma3:4b-it-q8_0,3-4B,100,0,0.0,0,0.0,0,,
gemma3:4b-it-qat,3-4B,100,0,0.0,0,0.0,0,,
gemma3n:e2b,4-5B,100,0,0.0,0,0.0,0,,
gemma4:e2b-it-qat,4-5B,100,0,0.0,0,0.0,0,,
gemma:2b,2-3B,100,0,0.0,2,2.0,0,,
gemma:2b-instruct-q4_K_M,2-3B,100,0,0.0,1,1.0,0,,
gemma:2b-instruct-q8_0,2-3B,100,0,0.0,0,0.0,0,,
granite3.1-dense:2b,2-3B,100,0,0.0,2,2.0,0,,
granite3.1-dense:2b-instruct-q8_0,2-3B,100,0,0.0,0,0.0,0,,
granite3.1-moe:3b,2-3B,100,0,0.0,2,2.0,0,,
granite3.2:2b,2-3B,100,0,0.0,11,11.0,0,,
granite3.2:2b-instruct-q4_K_M,2-3B,100,0,0.0,11,11.0,0,,
granite3.3:2b,2-3B,100,0,0.0,0,0.0,0,,
granite4.1:3b,3-4B,100,0,0.0,0,0.0,0,,
granite4:1b-h,0-1B,100,0,0.0,0,0.0,0,,
granite4:350m,0-1B,100,0,0.0,0,0.0,0,,
granite4:350m-bf16,0-1B,100,0,0.0,0,0.0,0,,
granite4:350m-h,0-1B,100,0,0.0,0,0.0,0,,
granite4:micro,2-3B,100,0,0.0,0,0.0,0,,
granite4:micro-h,2-3B,100,0,0.0,0,0.0,0,,
granite4:tiny-h,4-5GB,100,0,0.0,0,0.0,0,,
hf.co/LiquidAI/LFM2-1.2B-GGUF:Q4_K_M,1-2B,100,0,0.0,0,0.0,0,,
hf.co/LiquidAI/LFM2-1.2B-GGUF:Q8_0,1-2B,100,0,0.0,0,0.0,0,,
hf.co/LiquidAI/LFM2-350M-GGUF:Q4_K_M,0-1B,100,0,0.0,0,0.0,0,,
hf.co/LiquidAI/LFM2-700M-GGUF:Q4_K_M,0-1B,100,0,0.0,4,4.0,0,,
hf.co/NousResearch/Hermes-3-Llama-3.2-3B-GGUF:Q4_K_M,3-4B,100,0,0.0,0,0.0,0,,
hf.co/NousResearch/Hermes-3-Llama-3.2-3B-GGUF:Q8_0,3-4B,100,0,0.0,0,0.0,0,,
hf.co/Qwen/Qwen2.5-1.5B-Instruct-GGUF:Q4_K_M,1-2B,100,0,0.0,1,1.0,0,,
hf.co/Qwen/Qwen2.5-3B-Instruct-GGUF:Q4_K_M,2-3B,100,0,0.0,6,6.0,0,,
hf.co/allenai/OLMo-2-0425-1B-Instruct-GGUF:Q4_K_M,0-1B,100,0,0.0,10,10.0,0,,
hf.co/bartowski/Llama-3.2-3B-Instruct-GGUF:IQ4_XS,3-4B,100,0,0.0,0,0.0,0,,
hf.co/bartowski/Llama-3.2-3B-Instruct-GGUF:Q3_K_L,3-4B,100,0,0.0,0,0.0,0,,
hf.co/bartowski/Llama-3.2-3B-Instruct-GGUF:Q5_K_M,3-4B,100,0,0.0,0,0.0,0,,
hf.co/bartowski/Llama-3.2-3B-Instruct-GGUF:Q6_K,3-4B,100,0,0.0,0,0.0,0,,
hf.co/ggml-org/SmolLM3-3B-GGUF:Q4_K_M,3-4B,100,0,0.0,7,7.0,0,,
hf.co/ggml-org/SmolLM3-3B-GGUF:Q8_0,3-4B,100,0,0.0,2,2.0,0,,
hf.co/tiiuae/Falcon-H1-0.5B-Instruct-GGUF:Q4_K_M,0-1B,100,0,0.0,15,15.0,0,,
hf.co/tiiuae/Falcon-H1-1.5B-Deep-Instruct-GGUF:IQ4_XS,1-2B,100,0,0.0,7,7.0,0,,
hf.co/tiiuae/Falcon-H1-1.5B-Deep-Instruct-GGUF:Q4_K_M,1-2B,100,0,0.0,7,7.0,0,,
hf.co/tiiuae/Falcon-H1-3B-Instruct-GGUF:Q4_K_M,3-4B,100,0,0.0,1,1.0,0,,
hf.co/unsloth/Llama-3.1-8B-Instruct-GGUF:Q4_K_M,4-5GB,100,0,0.0,0,0.0,0,,
hf.co/unsloth/Llama-3.2-1B-Instruct-GGUF:Q4_K_M,0-1B,100,0,0.0,0,0.0,0,,
hf.co/unsloth/Phi-4-mini-instruct-GGUF:Q4_K_M,3-4B,100,0,0.0,3,3.0,0,,
hf.co/unsloth/Qwen3-4B-GGUF:Q4_K_M,3-4B,100,0,0.0,0,0.0,0,,
internlm2:1.8b,1-2B,100,0,0.0,3,3.0,0,,
llama3.1:8b,4-5GB,100,0,0.0,0,0.0,0,,
llama3.2:1b,0-1B,100,0,0.0,0,0.0,0,,
llama3.2:1b-instruct-q4_K_M,0-1B,100,0,0.0,1,1.0,0,,
llama3.2:1b-instruct-q8_0,0-1B,100,0,0.0,0,0.0,0,,
llama3.2:3b,3-4B,100,0,0.0,0,0.0,0,,
llama3.2:3b-instruct-q4_K_M,3-4B,100,0,0.0,0,0.0,0,,
llama3.2:3b-instruct-q8_0,3-4B,100,0,0.0,0,0.0,0,,
ministral-3:3b,2-3B,100,0,0.0,1,1.0,0,,
mistral:7b-instruct-q4_K_M,4-5GB,100,0,0.0,3,3.0,0,,
nemotron-mini:4b,3-4B,100,0,0.0,2,2.0,0,,
nemotron-mini:4b-instruct-q4_K_M,3-4B,100,0,0.0,2,2.0,0,,
nemotron-mini:4b-instruct-q8_0,3-4B,100,0,0.0,3,3.0,0,,
opencoder:1.5b,1-2B,100,0,0.0,2,2.0,0,,
phi3.5:3.8b,3-4B,100,0,0.0,24,24.0,0,,
phi3:3.8b,3-4B,100,0,0.0,9,9.0,0,,
phi3:mini,3-4B,100,0,0.0,9,9.0,0,,
phi3:mini-128k,3-4B,100,0,0.0,9,9.0,0,,
phi3:mini-4k,3-4B,100,0,0.0,22,22.0,0,,
phi4-mini,3-4B,100,0,0.0,2,2.0,0,,
qwen2-math:1.5b,1-2B,100,0,0.0,17,17.0,0,,
qwen2.5-coder:0.5b,0-1B,100,0,0.0,7,7.0,0,,
qwen2.5-coder:1.5b,1-2B,100,0,0.0,4,4.0,0,,
qwen2.5-coder:1.5b-instruct-q8_0,1-2B,100,0,0.0,7,7.0,0,,
qwen2.5-coder:3b,2-3B,100,0,0.0,4,4.0,0,,
qwen2.5-coder:3b-instruct-q4_K_M,2-3B,100,0,0.0,4,4.0,0,,
qwen2.5:0.5b,0-1B,100,0,0.0,14,14.0,0,,
qwen2.5:0.5b-instruct-q4_K_M,0-1B,100,0,0.0,14,14.0,0,,
qwen2.5:0.5b-instruct-q8_0,0-1B,100,0,0.0,19,19.0,0,,
qwen2.5:1.5b,1-2B,100,0,0.0,5,5.0,0,,
qwen2.5:1.5b-instruct-q4_K_M,1-2B,100,0,0.0,5,5.0,0,,
qwen2.5:1.5b-instruct-q8_0,1-2B,100,0,0.0,6,6.0,0,,
qwen2.5:3b,2-3B,100,0,0.0,7,7.0,0,,
qwen2.5:3b-instruct-q4_K_M,2-3B,100,0,0.0,7,7.0,0,,
qwen2.5:3b-instruct-q8_0,2-3B,100,0,0.0,14,14.0,0,,
qwen2:0.5b-instruct-q8_0,0-1B,100,0,0.0,2,2.0,0,,
qwen2:1.5b,1-2B,100,0,0.0,0,0.0,0,,
qwen2:1.5b-instruct-q8_0,1-2B,100,0,0.0,0,0.0,0,,
qwen3.5:2b,2-3B,100,0,0.0,10,10.0,0,,
qwen3:0.6b,0-1B,100,0,0.0,1,1.0,0,,
qwen3:0.6b-fp16,0-1B,100,0,0.0,1,1.0,0,,
qwen3:0.6b-q8_0,0-1B,100,0,0.0,0,0.0,0,,
qwen3:1.7b,1-2B,100,0,0.0,1,1.0,0,,
qwen3:1.7b-fp16,1-2B,100,0,0.0,0,0.0,0,,
qwen3:1.7b-q8_0,1-2B,100,0,0.0,0,0.0,0,,
qwen3:4b,3-4B,100,0,0.0,100,100.0,0,,
qwen3:4b-instruct-2507-q4_K_M,3-4B,100,0,0.0,1,1.0,0,,
qwen3:4b-instruct-2507-q8_0,4-5GB,100,0,0.0,0,0.0,0,,
qwen3:4b-q8_0,3-4B,100,0,0.0,0,0.0,0,,
qwen3:4b-thinking-2507-q4_K_M,3-4B,100,0,0.0,100,100.0,0,,
smallthinker:3b-preview-q4_K_M,3-4B,100,0,0.0,66,66.0,0,,
smollm2:1.7b,1-2B,100,0,0.0,3,3.0,0,,
smollm2:1.7b-instruct-q8_0,1-2B,100,0,0.0,3,3.0,0,,
smollm2:135m,0-1B,100,0,0.0,5,5.0,0,,
smollm2:135m-instruct-q8_0,0-1B,100,0,0.0,6,6.0,0,,
smollm2:360m,0-1B,100,0,0.0,2,2.0,0,,
smollm2:360m-instruct-q8_0,0-1B,100,0,0.0,6,6.0,0,,
smollm:1.7b,1-2B,100,0,0.0,25,25.0,0,,
smollm:360m,0-1B,100,0,0.0,30,30.0,0,,
stablelm2:1.6b,1-2B,100,0,0.0,4,4.0,0,,
stablelm2:1.6b-chat,1-2B,100,0,0.0,4,4.0,0,,
stablelm2:1.6b-zephyr,1-2B,100,0,0.0,5,5.0,0,,
starcoder2:3b-q6_K,3-4B,100,0,0.0,59,59.0,0,,
tinyllama:1.1b,0-1B,100,0,0.0,10,10.0,0,,
tinyllama:1.1b-chat-v1-q8_0,0-1B,100,0,0.0,14,14.0,0,,
yi-coder:1.5b,1-2B,100,0,0.0,4,4.0,0,,
