analysis_schema_version,model,parameter_tier,legacy_footprint_bracket,judge_score_fraction,safety_fraction,quality_safety_pareto
1,smollm:360m,T1,0-1B,0.21684210526315792,0.5195000000000001,False
1,smollm2:135m-instruct-q8_0,T1,0-1B,0.22842105263157894,0.4862,False
1,smollm2:135m,T1,0-1B,0.23473684210526316,0.5584333333333333,False
1,deepseek-r1:1.5b,T2,1-2B,0.25157894736842107,0.40553333333333336,False
1,smollm2:360m-instruct-q8_0,T1,0-1B,0.2536842105263158,0.4972333333333333,False
1,smollm:1.7b,T2,1-2B,0.2631578947368421,0.5945333333333334,False
1,tinyllama:1.1b,T2,0-1B,0.26842105263157895,0.6084666666666667,False
1,stablelm2:1.6b-zephyr,T2,1-2B,0.27052631578947367,0.5695,False
1,qwen2:0.5b-instruct-q8_0,T1,0-1B,0.2715789473684211,0.6417,False
1,qwen2.5:0.5b-instruct-q4_K_M,T1,0-1B,0.27578947368421053,0.5334333333333333,False
1,qwen2.5:0.5b,T1,0-1B,0.2768421052631579,0.5334333333333333,False
1,smollm2:360m,T1,0-1B,0.2778947368421053,0.6556,False
1,deepseek-r1:1.5b-qwen-distill-q8_0,T2,1-2B,0.2810526315789474,0.4250333333333334,False
1,tinyllama:1.1b-chat-v1-q8_0,T2,0-1B,0.28526315789473683,0.639,False
1,qwen2.5:0.5b-instruct-q8_0,T1,0-1B,0.28842105263157897,0.6417333333333333,False
1,hf.co/unsloth/DeepSeek-R1-Distill-Qwen-1.5B-GGUF:Q4_K_M,T2,1-2B,0.2894736842105263,0.5861666666666667,False
1,deepseek-coder:1.3b,T2,1-2B,0.29578947368421055,0.6556,False
1,stablelm2:1.6b-chat,T2,1-2B,0.29789473684210527,0.6639666666666667,False
1,deepseek-coder:1.3b-instruct-q8_0,T2,1-2B,0.3010526315789474,0.7167,False
1,stablelm2:1.6b,T2,1-2B,0.3126315789473684,0.6639666666666667,False
1,deepseek-r1:7b,,4-5GB,0.31789473684210523,0.47213333333333335,False
1,internlm2:1.8b,T2,1-2B,0.32210526315789473,0.6000666666666666,False
1,falcon3:1b-instruct-q8_0,T2,1-2B,0.34105263157894733,0.6945,False
1,falcon3:1b,T2,1-2B,0.34105263157894733,0.6945,False
1,qwen2:1.5b,T2,1-2B,0.3494736842105263,0.6834,False
1,llama3.2:1b-instruct-q8_0,T2,0-1B,0.3557894736842105,0.6056666666666667,False
1,llama3.2:1b,T2,0-1B,0.3568421052631579,0.6056666666666667,False
1,gemma:2b-instruct-q8_0,T3,2-3B,0.35789473684210527,0.6305999999999999,False
1,nemotron-mini:4b-instruct-q4_K_M,T5,3-4B,0.35789473684210527,0.6028,False
1,hf.co/unsloth/Llama-3.2-1B-Instruct-GGUF:Q4_K_M,T2,0-1B,0.3621052631578947,0.6861666666666667,False
1,nemotron-mini:4b,T5,3-4B,0.3642105263157895,0.6028,False
1,qwen3:0.6b,T1,0-1B,0.3663157894736842,0.6473,False
1,nemotron-mini:4b-instruct-q8_0,T5,3-4B,0.36947368421052634,0.675,False
1,gemma3:1b-it-q8_0,T1,0-1B,0.371578947368421,0.6639,False
1,gemma:2b,T3,2-3B,0.3736842105263158,0.6167,False
1,gemma3:1b,T1,0-1B,0.38526315789473686,0.6945,False
1,qwen2:1.5b-instruct-q8_0,T2,1-2B,0.38842105263157894,0.6667333333333333,False
1,smollm2:1.7b-instruct-q8_0,T2,1-2B,0.3989473684210526,0.6890000000000001,False
1,qwen3:0.6b-fp16,T1,0-1B,0.4,0.6472333333333334,False
1,smollm2:1.7b,T2,1-2B,0.40210526315789474,0.6890000000000001,False
1,gemma3:1b-it-qat,T1,0-1B,0.4052631578947368,0.7,False
1,falcon3:3b-instruct-q4_K_M,T4,3-4B,0.4094736842105263,0.5833333333333334,False
1,falcon3:3b,T4,3-4B,0.41578947368421054,0.5833333333333334,False
1,qwen3:0.6b-q8_0,T1,0-1B,0.4178947368421053,0.6833666666666667,False
1,granite3.1-moe:3b,T4,2-3B,0.42210526315789476,0.7028666666666666,False
1,qwen2.5:1.5b-instruct-q8_0,T2,1-2B,0.428421052631579,0.7500666666666667,False
1,qwen2.5-coder:1.5b,T2,1-2B,0.43157894736842106,0.6889666666666667,False
1,hf.co/Qwen/Qwen2.5-1.5B-Instruct-GGUF:Q4_K_M,T2,1-2B,0.4326315789473684,0.7167,False
1,qwen2.5:1.5b-instruct-q4_K_M,T2,1-2B,0.43368421052631584,0.7500333333333333,False
1,qwen2.5-coder:1.5b-instruct-q8_0,T2,1-2B,0.44000000000000006,0.7500666666666667,False
1,qwen2.5:1.5b,T2,1-2B,0.44105263157894736,0.7500333333333333,False
1,granite4:1b-h,T2,0-1B,0.45263157894736844,0.6778666666666666,False
1,phi3:3.8b,T4,3-4B,0.4652631578947369,0.7500666666666667,False
1,phi4-mini-reasoning,T4,3-4B,0.46736842105263154,0.7806,False
1,falcon3:3b-instruct-q8_0,T4,3-4B,0.46736842105263154,0.6334333333333333,False
1,phi3:3.8b-mini-128k-instruct-q8_0,T4,3-4B,0.4726315789473684,0.7473,False
1,mistral:7b-instruct-q4_K_M,,4-5GB,0.5094736842105263,0.7056333333333333,False
1,gemma2:2b,T3,2-3B,0.5126315789473684,0.7723,False
1,qwen3:4b,T5,3-4B,0.5231578947368422,0.8028,False
1,gemma2:2b-instruct-q8_0,T3,2-3B,0.5252631578947369,0.7695333333333333,False
1,llama3.2:3b-instruct-q8_0,T4,3-4B,0.5263157894736842,0.7195,False
1,qwen2.5-coder:3b-instruct-q4_K_M,T4,2-3B,0.528421052631579,0.7834,False
1,hf.co/unsloth/Phi-4-mini-instruct-GGUF:Q4_K_M,T4,3-4B,0.5294736842105263,0.7972666666666667,False
1,qwen2.5-coder:3b,T4,2-3B,0.5294736842105263,0.7834,False
1,phi3.5:3.8b,T4,3-4B,0.5336842105263159,0.7861333333333334,False
1,llama3.2:3b,T4,3-4B,0.5336842105263159,0.8000666666666666,False
1,granite3.2:2b-instruct-q4_K_M,T3,2-3B,0.5368421052631579,0.7889666666666667,False
1,granite3.2:2b,T3,2-3B,0.5389473684210526,0.7889666666666667,False
1,qwen2.5-coder:3b-instruct-q8_0,T4,2-3B,0.5494736842105263,0.7834,False
1,granite3.1-dense:2b,T3,2-3B,0.5515789473684211,0.7973,False
1,hf.co/Qwen/Qwen3-4B-GGUF:Q4_K_M,T5,3-4B,0.5515789473684211,0.8417,False
1,qwen2.5:3b-instruct-q4_K_M,T4,2-3B,0.5526315789473685,0.7806333333333334,False
1,gemma3:4b-it-q8_0,T5,3-4B,0.5536842105263158,0.8000666666666666,False
1,phi4-mini,T4,3-4B,0.5547368421052632,0.7611666666666667,False
1,gemma3:4b-it-qat,T5,3-4B,0.5557894736842105,0.8056,False
1,qwen2.5:3b,T4,2-3B,0.5652631578947369,0.7806333333333334,False
1,qwen2.5:3b-instruct-q8_0,T4,2-3B,0.5663157894736842,0.8444666666666667,False
1,hf.co/Qwen/Qwen2.5-3B-Instruct-GGUF:Q4_K_M,T4,2-3B,0.5673684210526315,0.7695000000000001,False
1,phi3.5:3.8b-mini-instruct-q8_0,T4,3-4B,0.58,0.7611666666666667,False
1,granite3.3:2b,T3,2-3B,0.5842105263157895,0.8000666666666666,False
1,gemma3:4b-it-q4_K_M,T5,3-4B,0.5863157894736842,0.8639,False
1,gemma3:4b,T5,3-4B,0.5863157894736842,0.8639,False
1,granite3.1-dense:2b-instruct-q8_0,T3,2-3B,0.5894736842105263,0.7612,False
1,ministral-3:3b,T4,2-3B,0.5936842105263158,0.8222666666666666,False
1,qwen3:1.7b,T3,1-2B,0.6147368421052631,0.8361333333333333,False
1,granite4:micro,T4,2-3B,0.6147368421052631,0.7917333333333333,False
1,qwen3:1.7b-q8_0,T3,1-2B,0.6210526315789474,0.8278,False
1,qwen3:1.7b-fp16,T3,1-2B,0.6263157894736842,0.8083666666666667,False
1,granite4:tiny-h,,4-5GB,0.6347368421052632,0.7417333333333332,False
1,qwen2.5:7b,,4-5GB,0.6642105263157895,0.8361666666666667,False
1,qwen3:4b-instruct-2507-q4_K_M,T5,3-4B,0.6863157894736842,0.9083333333333333,False
1,qwen3:4b-q8_0,T5,3-4B,0.7094736842105264,0.8278333333333333,False
1,qwen3:4b-instruct-2507-q8_0,T5,4-5GB,0.7126315789473685,0.9083333333333333,True
1,hf.co/unsloth/Qwen3-4B-GGUF:Q4_K_M,T5,3-4B,0.7136842105263158,0.8028333333333334,True
