model,assigned_rows,observed_scores,known_tools,known_moe,known_regime,known_quant,complete_case_rows
codegemma:2b,100,100,0,0,0,0,0
codegemma:2b-code-q6_K,100,100,0,0,0,0,0
cogito:3b,100,100,0,0,0,0,0
cogito:3b-v1-preview-llama-q8_0,100,100,0,0,0,100,0
deepseek-coder:1.3b,100,100,100,100,100,100,100
deepseek-coder:1.3b-instruct-q8_0,100,100,100,100,100,100,100
falcon3:1b,100,100,100,100,100,100,100
falcon3:1b-instruct-q8_0,100,100,100,100,100,100,100
falcon3:3b,100,100,100,100,100,100,100
falcon3:3b-instruct-q4_K_M,100,100,100,100,100,100,100
falcon3:3b-instruct-q8_0,100,100,100,100,100,100,100
gemma2:2b,100,100,100,100,100,100,100
gemma2:2b-instruct-q4_K_M,100,100,0,0,0,0,0
gemma2:2b-instruct-q8_0,100,100,100,100,100,100,100
gemma3:1b,100,100,100,100,100,100,100
gemma3:1b-it-q8_0,100,100,100,100,100,100,100
gemma3:1b-it-qat,100,100,100,100,100,100,100
gemma3:270m,100,100,0,0,0,0,0
gemma3:270m-it-qat,100,100,0,0,0,0,0
gemma3:4b,100,100,100,100,100,100,100
gemma3:4b-it-q4_K_M,100,100,100,100,100,100,100
gemma3:4b-it-q8_0,100,100,100,100,100,100,100
gemma3:4b-it-qat,100,100,100,100,100,100,100
gemma3n:e2b,100,100,0,0,0,0,0
gemma4:e2b-it-qat,100,100,0,0,0,0,0
gemma:2b,100,100,100,100,100,100,100
gemma:2b-instruct-q4_K_M,100,100,0,0,0,0,0
gemma:2b-instruct-q8_0,100,100,100,100,100,100,100
granite3.1-dense:2b,100,100,100,100,100,100,100
granite3.1-dense:2b-instruct-q8_0,100,100,100,100,100,100,100
granite3.1-moe:3b,100,100,100,100,100,100,100
granite3.2:2b,100,100,100,100,100,100,100
granite3.2:2b-instruct-q4_K_M,100,100,100,100,100,100,100
granite3.3:2b,100,100,100,100,100,100,100
granite4.1:3b,100,100,0,0,0,0,0
granite4:1b-h,100,100,100,100,100,100,100
granite4:350m,100,100,0,0,0,0,0
granite4:350m-bf16,100,100,0,0,0,100,0
granite4:350m-h,100,100,0,0,0,0,0
granite4:micro,100,100,100,100,100,100,100
granite4:micro-h,100,100,0,0,0,0,0
hf.co/LiquidAI/LFM2-1.2B-GGUF:Q4_K_M,100,100,0,0,0,0,0
hf.co/LiquidAI/LFM2-1.2B-GGUF:Q8_0,100,100,0,0,0,0,0
hf.co/LiquidAI/LFM2-350M-GGUF:Q4_K_M,100,100,0,0,0,0,0
hf.co/LiquidAI/LFM2-700M-GGUF:Q4_K_M,100,100,0,0,0,0,0
hf.co/NousResearch/Hermes-3-Llama-3.2-3B-GGUF:Q4_K_M,100,100,0,0,0,0,0
hf.co/NousResearch/Hermes-3-Llama-3.2-3B-GGUF:Q8_0,100,100,0,0,0,0,0
hf.co/Qwen/Qwen2.5-1.5B-Instruct-GGUF:Q4_K_M,100,100,100,100,100,100,100
hf.co/Qwen/Qwen2.5-3B-Instruct-GGUF:Q4_K_M,100,100,100,100,100,100,100
hf.co/Qwen/Qwen3-4B-GGUF:Q4_K_M,100,100,100,100,100,100,100
hf.co/allenai/OLMo-2-0425-1B-Instruct-GGUF:Q4_K_M,100,100,0,0,0,0,0
hf.co/bartowski/Llama-3.2-3B-Instruct-GGUF:IQ4_XS,100,100,0,0,0,0,0
hf.co/bartowski/Llama-3.2-3B-Instruct-GGUF:Q3_K_L,100,100,0,0,0,0,0
hf.co/bartowski/Llama-3.2-3B-Instruct-GGUF:Q5_K_M,100,100,0,0,0,0,0
hf.co/bartowski/Llama-3.2-3B-Instruct-GGUF:Q6_K,100,100,0,0,0,0,0
hf.co/ggml-org/SmolLM3-3B-GGUF:Q4_K_M,100,100,0,0,0,0,0
hf.co/ggml-org/SmolLM3-3B-GGUF:Q8_0,100,100,0,0,0,0,0
hf.co/openbmb/MiniCPM3-4B-GGUF:Q4_K_M,100,100,0,0,0,0,0
hf.co/tiiuae/Falcon-H1-0.5B-Instruct-GGUF:Q4_K_M,100,100,0,0,0,0,0
hf.co/tiiuae/Falcon-H1-1.5B-Deep-Instruct-GGUF:IQ4_XS,100,100,0,0,0,0,0
hf.co/tiiuae/Falcon-H1-1.5B-Deep-Instruct-GGUF:Q4_K_M,100,100,0,0,0,0,0
hf.co/tiiuae/Falcon-H1-3B-Instruct-GGUF:Q4_K_M,100,100,0,0,0,0,0
hf.co/unsloth/Llama-3.2-1B-Instruct-GGUF:Q4_K_M,100,100,100,100,100,100,100
hf.co/unsloth/Phi-4-mini-instruct-GGUF:Q4_K_M,100,100,100,100,100,100,100
hf.co/unsloth/Qwen3-4B-GGUF:Q4_K_M,100,100,100,100,100,100,100
internlm2:1.8b,100,100,100,100,100,100,100
llama3.2:1b,100,100,100,100,100,100,100
llama3.2:1b-instruct-q4_K_M,100,100,0,0,0,0,0
llama3.2:1b-instruct-q8_0,100,100,100,100,100,100,100
llama3.2:3b,100,100,100,100,100,100,100
llama3.2:3b-instruct-q4_K_M,100,100,0,0,0,0,0
llama3.2:3b-instruct-q8_0,100,100,100,100,100,100,100
ministral-3:3b,100,100,100,100,100,100,100
nemotron-mini:4b,100,100,100,100,100,100,100
nemotron-mini:4b-instruct-q4_K_M,100,100,100,100,100,100,100
nemotron-mini:4b-instruct-q8_0,100,100,100,100,100,100,100
opencoder:1.5b,100,100,0,0,0,0,0
phi3.5:3.8b,100,100,100,100,100,100,100
phi3.5:3.8b-mini-instruct-q8_0,100,100,100,100,100,100,100
phi3:3.8b,100,100,100,100,100,100,100
phi3:3.8b-mini-128k-instruct-q8_0,100,100,100,100,100,100,100
phi3:mini,100,100,0,0,0,0,0
phi3:mini-128k,100,100,0,0,0,0,0
phi3:mini-4k,100,100,0,0,0,0,0
phi4-mini,100,100,100,100,100,100,100
phi4-mini-reasoning,100,100,100,100,100,100,100
qwen2-math:1.5b,100,100,0,0,0,0,0
qwen2.5-coder:0.5b,100,100,0,0,0,0,0
qwen2.5-coder:1.5b,100,100,100,100,100,100,100
qwen2.5-coder:1.5b-instruct-q8_0,100,100,100,100,100,100,100
qwen2.5-coder:3b,100,100,100,100,100,100,100
qwen2.5-coder:3b-instruct-q4_K_M,100,100,100,100,100,100,100
qwen2.5-coder:3b-instruct-q8_0,100,100,100,100,100,100,100
qwen2.5:0.5b,100,100,100,100,100,100,100
qwen2.5:0.5b-instruct-q4_K_M,100,100,100,100,100,100,100
qwen2.5:0.5b-instruct-q8_0,100,100,100,100,100,100,100
qwen2.5:1.5b,100,100,100,100,100,100,100
qwen2.5:1.5b-instruct-q4_K_M,100,100,100,100,100,100,100
qwen2.5:1.5b-instruct-q8_0,100,100,100,100,100,100,100
qwen2.5:3b,100,100,100,100,100,100,100
qwen2.5:3b-instruct-q4_K_M,100,100,100,100,100,100,100
qwen2.5:3b-instruct-q8_0,100,100,100,100,100,100,100
qwen2:0.5b-instruct-q8_0,100,100,100,100,100,100,100
qwen2:1.5b,100,100,100,100,100,100,100
qwen2:1.5b-instruct-q8_0,100,100,100,100,100,100,100
qwen3.5:2b,100,100,0,0,0,0,0
qwen3:0.6b,100,100,100,100,100,100,100
qwen3:0.6b-fp16,100,100,100,100,100,100,100
qwen3:0.6b-q8_0,100,100,100,100,100,100,100
qwen3:1.7b,100,100,100,100,100,100,100
qwen3:1.7b-fp16,100,100,100,100,100,100,100
qwen3:1.7b-q8_0,100,100,100,100,100,100,100
qwen3:4b,100,100,100,100,100,100,100
qwen3:4b-instruct-2507-q4_K_M,100,100,100,100,100,100,100
qwen3:4b-instruct-2507-q8_0,100,100,100,100,100,100,100
qwen3:4b-q8_0,100,100,100,100,100,100,100
qwen3:4b-thinking-2507-q4_K_M,100,100,0,0,0,100,0
qwen3:4b-thinking-2507-q8_0,100,100,0,0,0,100,0
sailor2:1b,100,100,0,0,0,0,0
smallthinker:3b-preview-q4_K_M,100,100,0,0,0,100,0
smollm2:1.7b,100,100,100,100,100,100,100
smollm2:1.7b-instruct-q8_0,100,100,100,100,100,100,100
smollm2:135m,100,100,100,100,100,100,100
smollm2:135m-instruct-q8_0,100,100,100,100,100,100,100
smollm2:360m,100,100,100,100,100,100,100
smollm2:360m-instruct-q8_0,100,100,100,100,100,100,100
smollm:1.7b,100,100,100,100,100,100,100
smollm:360m,100,100,100,100,100,100,100
stablelm2:1.6b,100,100,100,100,100,100,100
stablelm2:1.6b-chat,100,100,100,100,100,100,100
stablelm2:1.6b-zephyr,100,100,100,100,100,100,100
starcoder2:3b,100,100,0,0,0,0,0
starcoder2:3b-q6_K,100,100,0,0,0,0,0
starcoder2:3b-q8_0,100,100,0,0,0,100,0
tinyllama:1.1b,100,100,100,100,100,100,100
tinyllama:1.1b-chat-v1-q8_0,100,100,100,100,100,100,100
yi-coder:1.5b,100,100,0,0,0,0,0
