model,param_count,curated_param_count,params_b,curated_params_b,arch_class,training_regime,thinking_capable,is_reasoning,reasoning_name_hint,tools_capable,is_moe,lock_training_type,lock_architecture
aya-expanse:8b,8028033024,,8.028033024,,,,,,False,,,unknown,unknown
codegemma:2b,2506172416,,2.506172416,,,,,,False,,,code,unknown
codegemma:2b-code-q6_K,2506172416,,2.506172416,,,,,,False,,,code,unknown
cogito:3b,3606752320,,3.60675232,,,,,,True,,,unknown,unknown
cogito:3b-v1-preview-llama-q8_0,3606752320,,3.60675232,,,,,,True,,,unknown,unknown
cogito:8b,8030261312,,8.030261312,,,,,,True,,,unknown,unknown
command-r7b:latest,8028033024,,8.028033024,,,,,,False,,,unknown,unknown
deepseek-coder:1.3b,1346471936,1346471936.0,1.346471936,1.346471936,dense,code/math,False,False,False,False,False,code,unknown
deepseek-coder:1.3b-instruct-q8_0,1346471936,1346471936.0,1.346471936,1.346471936,dense,code/math,False,False,False,False,False,code,unknown
exaone-deep:7.8b,7818448960,,7.81844896,,,,,,True,,,reasoning,unknown
exaone3.5:7.8b,7818448960,,7.81844896,,,,,,False,,,unknown,unknown
falcon3:1b,1669408768,1669408768.0,1.669408768,1.669408768,dense,instruct,False,False,False,False,False,unknown,unknown
falcon3:1b-instruct-q8_0,1669408768,1669408768.0,1.669408768,1.669408768,dense,instruct,False,False,False,False,False,instruct,unknown
falcon3:3b,3227655168,3227655168.0,3.227655168,3.227655168,dense,instruct,False,False,False,False,False,unknown,unknown
falcon3:3b-instruct-q4_K_M,3227655168,3227655168.0,3.227655168,3.227655168,dense,instruct,False,False,False,False,False,instruct,unknown
falcon3:3b-instruct-q8_0,3227655168,3227655168.0,3.227655168,3.227655168,dense,instruct,False,False,False,False,False,instruct,unknown
falcon3:7b,7455550464,,7.455550464,,,,,,False,,,unknown,unknown
gemma2:2b,2614341888,2614341888.0,2.614341888,2.614341888,dense,instruct,False,False,False,False,False,unknown,unknown
gemma2:2b-instruct-q4_K_M,2614341888,,2.614341888,,,,,,False,,,instruct,unknown
gemma2:2b-instruct-q8_0,2614341888,2614341888.0,2.614341888,2.614341888,dense,instruct,False,False,False,False,False,instruct,unknown
gemma3:1b,999885952,999885952.0,0.999885952,0.999885952,dense,instruct,False,False,False,False,False,unknown,unknown
gemma3:1b-it-q8_0,999885952,999885952.0,0.999885952,0.999885952,dense,instruct,False,False,False,False,False,instruct,unknown
gemma3:1b-it-qat,999885952,999885952.0,0.999885952,0.999885952,dense,instruct,False,False,False,False,False,instruct,unknown
gemma3:270m,268098176,,0.268098176,,,,,,False,,,unknown,unknown
gemma3:270m-it-qat,268098176,,0.268098176,,,,,,False,,,instruct,unknown
gemma3:4b,4299915632,4299915632.0,4.299915632,4.299915632,dense,instruct,False,False,False,False,False,unknown,unknown
gemma3:4b-it-q4_K_M,4299915632,4299915632.0,4.299915632,4.299915632,dense,instruct,False,False,False,False,False,instruct,unknown
gemma3:4b-it-q8_0,4299915632,4299915632.0,4.299915632,4.299915632,dense,instruct,False,False,False,False,False,instruct,unknown
gemma3:4b-it-qat,4300079472,4300079472.0,4.300079472,4.300079472,dense,instruct,False,False,False,False,False,instruct,unknown
gemma3n:e2b,4456156768,,4.456156768,,,,,,False,,,unknown,unknown
gemma4:e2b-it-qat,4628569635,,4.628569635,,,,,,False,,,instruct,unknown
gemma:2b,2506434560,2506434560.0,2.50643456,2.50643456,dense,instruct,False,False,False,False,False,unknown,unknown
gemma:2b-instruct-q4_K_M,2506434560,,2.50643456,,,,,,False,,,instruct,unknown
gemma:2b-instruct-q8_0,2506434560,2506434560.0,2.50643456,2.50643456,dense,instruct,False,False,False,False,False,instruct,unknown
granite3.1-dense:2b,2533531648,2533531648.0,2.533531648,2.533531648,dense,instruct,False,False,False,False,False,unknown,unknown
granite3.1-dense:2b-instruct-q8_0,2533531648,2533531648.0,2.533531648,2.533531648,dense,instruct,False,False,False,True,False,instruct,unknown
granite3.1-moe:3b,3298793472,3298793472.0,3.298793472,3.298793472,moe,instruct,False,False,False,False,True,unknown,moe
granite3.2:2b,2533531648,2533531648.0,2.533531648,2.533531648,dense,instruct,False,False,False,False,False,unknown,unknown
granite3.2:2b-instruct-q4_K_M,2533531648,2533531648.0,2.533531648,2.533531648,dense,instruct,False,False,False,False,False,instruct,unknown
granite3.3:2b,2533539840,2533539840.0,2.53353984,2.53353984,dense,instruct,False,False,False,False,False,unknown,unknown
granite3.3:8b,8170864640,,8.17086464,,,,,,False,,,unknown,unknown
granite4.1:3b,3402836480,,3.40283648,,,,,,False,,,unknown,unknown
granite4:1b-h,1461538368,1461538368.0,1.461538368,1.461538368,hybrid-ssm,instruct,False,False,False,True,False,unknown,unknown
granite4:350m,352379904,,0.352379904,,,,,,False,,,unknown,unknown
granite4:350m-bf16,352379904,,0.352379904,,,,,,False,,,unknown,unknown
granite4:350m-h,340332224,,0.340332224,,,,,,False,,,unknown,unknown
granite4:micro,3402836480,3402836480.0,3.40283648,3.40283648,hybrid-ssm,instruct,False,False,False,True,False,unknown,unknown
granite4:micro-h,3191396096,,3.191396096,,,,,,False,,,unknown,unknown
granite4:tiny-h,6939037248,6939037248.0,6.939037248,6.939037248,hybrid-ssm,instruct,False,False,False,True,True,unknown,moe
hf.co/LiquidAI/LFM2-1.2B-GGUF:Q4_K_M,1170340608,,1.170340608,,,,,,False,,,unknown,hybrid
hf.co/LiquidAI/LFM2-1.2B-GGUF:Q8_0,1170340608,,1.170340608,,,,,,False,,,unknown,hybrid
hf.co/LiquidAI/LFM2-350M-GGUF:Q4_K_M,354483968,,0.354483968,,,,,,False,,,unknown,hybrid
hf.co/LiquidAI/LFM2-700M-GGUF:Q4_K_M,742489344,,0.742489344,,,,,,False,,,unknown,hybrid
hf.co/NousResearch/Hermes-3-Llama-3.2-3B-GGUF:Q4_K_M,3212749888,,3.212749888,,,,,,False,,,unknown,unknown
hf.co/NousResearch/Hermes-3-Llama-3.2-3B-GGUF:Q8_0,3212749888,,3.212749888,,,,,,False,,,unknown,unknown
hf.co/Qwen/Qwen2.5-1.5B-Instruct-GGUF:Q4_K_M,1777088000,1777088000.0,1.777088,1.777088,dense,instruct,False,False,False,False,False,instruct,unknown
hf.co/Qwen/Qwen2.5-3B-Instruct-GGUF:Q4_K_M,3397103616,3397103616.0,3.397103616,3.397103616,dense,instruct,False,False,False,False,False,instruct,unknown
hf.co/Qwen/Qwen3-4B-GGUF:Q4_K_M,4022468096,4022468096.0,4.022468096,4.022468096,dense,instruct,False,False,False,False,False,unknown,unknown
hf.co/allenai/OLMo-2-0425-1B-Instruct-GGUF:Q4_K_M,1484916736,,1.484916736,,,,,,False,,,instruct,unknown
hf.co/bartowski/Llama-3.2-3B-Instruct-GGUF:IQ4_XS,3212749888,,3.212749888,,,,,,False,,,instruct,unknown
hf.co/bartowski/Llama-3.2-3B-Instruct-GGUF:Q3_K_L,3212749888,,3.212749888,,,,,,False,,,instruct,unknown
hf.co/bartowski/Llama-3.2-3B-Instruct-GGUF:Q5_K_M,3212749888,,3.212749888,,,,,,False,,,instruct,unknown
hf.co/bartowski/Llama-3.2-3B-Instruct-GGUF:Q6_K,3212749888,,3.212749888,,,,,,False,,,instruct,unknown
hf.co/ggml-org/SmolLM3-3B-GGUF:Q4_K_M,3075098624,,3.075098624,,,,,,False,,,unknown,unknown
hf.co/ggml-org/SmolLM3-3B-GGUF:Q8_0,3075098624,,3.075098624,,,,,,False,,,unknown,unknown
hf.co/openbmb/MiniCPM3-4B-GGUF:Q4_K_M,4073876000,,4.073876,,,,,,False,,,unknown,unknown
hf.co/tiiuae/Falcon-H1-0.5B-Instruct-GGUF:Q4_K_M,521411104,,0.521411104,,,,,,False,,,instruct,hybrid
hf.co/tiiuae/Falcon-H1-1.5B-Deep-Instruct-GGUF:IQ4_XS,1554874768,,1.554874768,,,,,,True,,,reasoning,hybrid
hf.co/tiiuae/Falcon-H1-1.5B-Deep-Instruct-GGUF:Q4_K_M,1554874768,,1.554874768,,,,,,True,,,reasoning,hybrid
hf.co/tiiuae/Falcon-H1-3B-Instruct-GGUF:Q4_K_M,3149392384,,3.149392384,,,,,,False,,,instruct,hybrid
hf.co/unsloth/Llama-3.1-8B-Instruct-GGUF:Q4_K_M,8030261312,,8.030261312,,,,,,False,,,instruct,unknown
hf.co/unsloth/Llama-3.2-1B-Instruct-GGUF:Q4_K_M,1235814432,1235814432.0,1.235814432,1.235814432,dense,instruct,False,False,False,False,False,instruct,unknown
hf.co/unsloth/Phi-4-mini-instruct-GGUF:Q4_K_M,3836021856,3836021856.0,3.836021856,3.836021856,dense,instruct,False,False,False,False,False,instruct,unknown
hf.co/unsloth/Qwen3-4B-GGUF:Q4_K_M,4022468096,4022468096.0,4.022468096,4.022468096,dense,instruct,False,False,False,False,False,unknown,unknown
internlm2:1.8b,1889110016,1889110016.0,1.889110016,1.889110016,dense,instruct,False,False,False,False,False,unknown,unknown
internlm2:7b,7737708544,,7.737708544,,,,,,False,,,unknown,unknown
llama3.1:8b,8030261312,,8.030261312,,,,,,False,,,unknown,unknown
llama3.2:1b,1235814432,1235814432.0,1.235814432,1.235814432,dense,instruct,False,False,False,True,False,unknown,unknown
llama3.2:1b-instruct-q4_K_M,1235814432,,1.235814432,,,,,,False,,,instruct,unknown
llama3.2:1b-instruct-q8_0,1235814432,1235814432.0,1.235814432,1.235814432,dense,instruct,False,False,False,False,False,instruct,unknown
llama3.2:3b,3212749888,3212749888.0,3.212749888,3.212749888,dense,instruct,False,False,False,True,False,unknown,unknown
llama3.2:3b-instruct-q4_K_M,3212749888,,3.212749888,,,,,,False,,,instruct,unknown
llama3.2:3b-instruct-q8_0,3212749888,3212749888.0,3.212749888,3.212749888,dense,instruct,False,False,False,False,False,instruct,unknown
ministral-3:3b,3849090048,3849090048.0,3.849090048,3.849090048,dense,instruct,False,False,False,True,False,unknown,unknown
mistral:7b-instruct-q4_K_M,7241732096,7241732096.0,7.241732096,7.241732096,dense,instruct,False,False,False,False,False,instruct,unknown
nemotron-mini:4b,4190509056,4190509056.0,4.190509056,4.190509056,dense,instruct,False,False,False,False,False,unknown,unknown
nemotron-mini:4b-instruct-q4_K_M,4190509056,4190509056.0,4.190509056,4.190509056,dense,instruct,False,False,False,False,False,instruct,unknown
nemotron-mini:4b-instruct-q8_0,4190509056,4190509056.0,4.190509056,4.190509056,dense,instruct,False,False,False,False,False,instruct,unknown
olmo2:7b,7298617344,,7.298617344,,,,,,False,,,unknown,unknown
opencoder:1.5b,1905650880,,1.90565088,,,,,,False,,,code,unknown
phi3.5:3.8b,3821079648,3821079648.0,3.821079648,3.821079648,dense,instruct,False,False,False,False,False,unknown,unknown
phi3.5:3.8b-mini-instruct-q8_0,3821079648,3821079648.0,3.821079648,3.821079648,dense,instruct,False,False,False,False,False,instruct,unknown
phi3:3.8b,3821079648,3821079648.0,3.821079648,3.821079648,dense,instruct,False,False,False,False,False,unknown,unknown
phi3:3.8b-mini-128k-instruct-q8_0,3821079648,3821079648.0,3.821079648,3.821079648,dense,instruct,False,False,False,False,False,instruct,unknown
phi3:mini,3821079648,,3.821079648,,,,,,False,,,unknown,unknown
phi3:mini-128k,3821079648,,3.821079648,,,,,,False,,,unknown,unknown
phi3:mini-4k,3821079552,,3.821079552,,,,,,False,,,unknown,unknown
phi4-mini,3836021856,3836021856.0,3.836021856,3.836021856,dense,instruct,False,False,False,True,False,unknown,unknown
phi4-mini-reasoning,3836021856,3836021856.0,3.836021856,3.836021856,dense,reasoning,False,True,True,False,False,reasoning,unknown
qwen2-math:1.5b,1543714304,,1.543714304,,,,,,False,,,unknown,unknown
qwen2.5-coder:0.5b,494032768,,0.494032768,,,,,,False,,,code,unknown
qwen2.5-coder:1.5b,1543714304,1543714304.0,1.543714304,1.543714304,dense,code/math,False,False,False,False,False,code,unknown
qwen2.5-coder:1.5b-instruct-q8_0,1543714304,1543714304.0,1.543714304,1.543714304,dense,code/math,False,False,False,False,False,code,unknown
qwen2.5-coder:3b,3085938688,3085938688.0,3.085938688,3.085938688,dense,code/math,False,False,False,False,False,code,unknown
qwen2.5-coder:3b-instruct-q4_K_M,3085938688,3085938688.0,3.085938688,3.085938688,dense,code/math,False,False,False,False,False,code,unknown
qwen2.5-coder:3b-instruct-q8_0,3085938688,3085938688.0,3.085938688,3.085938688,dense,code/math,False,False,False,False,False,code,unknown
qwen2.5:0.5b,494032768,494032768.0,0.494032768,0.494032768,dense,instruct,False,False,False,True,False,unknown,unknown
qwen2.5:0.5b-instruct-q4_K_M,494032768,494032768.0,0.494032768,0.494032768,dense,instruct,False,False,False,False,False,instruct,unknown
qwen2.5:0.5b-instruct-q8_0,494032768,494032768.0,0.494032768,0.494032768,dense,instruct,False,False,False,False,False,instruct,unknown
qwen2.5:1.5b,1543714304,1543714304.0,1.543714304,1.543714304,dense,instruct,False,False,False,True,False,unknown,unknown
qwen2.5:1.5b-instruct-q4_K_M,1543714304,1543714304.0,1.543714304,1.543714304,dense,instruct,False,False,False,False,False,instruct,unknown
qwen2.5:1.5b-instruct-q8_0,1543714304,1543714304.0,1.543714304,1.543714304,dense,instruct,False,False,False,False,False,instruct,unknown
qwen2.5:3b,3085938688,3085938688.0,3.085938688,3.085938688,dense,instruct,False,False,False,True,False,unknown,unknown
qwen2.5:3b-instruct-q4_K_M,3085938688,3085938688.0,3.085938688,3.085938688,dense,instruct,False,False,False,False,False,instruct,unknown
qwen2.5:3b-instruct-q8_0,3085938688,3085938688.0,3.085938688,3.085938688,dense,instruct,False,False,False,False,False,instruct,unknown
qwen2.5:7b,7615616512,7615616512.0,7.615616512,7.615616512,dense,instruct,False,False,False,True,False,unknown,unknown
qwen2:0.5b-instruct-q8_0,494032768,494032768.0,0.494032768,0.494032768,dense,instruct,False,False,False,False,False,instruct,unknown
qwen2:1.5b,1543714304,1543714304.0,1.543714304,1.543714304,dense,instruct,False,False,False,False,False,unknown,unknown
qwen2:1.5b-instruct-q8_0,1543714304,1543714304.0,1.543714304,1.543714304,dense,instruct,False,False,False,False,False,instruct,unknown
qwen3.5:2b,2274069824,,2.274069824,,,,,,False,,,unknown,unknown
qwen3:0.6b,751632384,751632384.0,0.751632384,0.751632384,dense,instruct,True,False,False,True,False,unknown,unknown
qwen3:0.6b-fp16,751632384,751632384.0,0.751632384,0.751632384,dense,instruct,True,False,False,True,False,unknown,unknown
qwen3:0.6b-q8_0,751632384,751632384.0,0.751632384,0.751632384,dense,instruct,False,False,False,False,False,unknown,unknown
qwen3:1.7b,2031739904,2031739904.0,2.031739904,2.031739904,dense,instruct,True,False,False,True,False,unknown,unknown
qwen3:1.7b-fp16,2031739904,2031739904.0,2.031739904,2.031739904,dense,instruct,True,False,False,True,False,unknown,unknown
qwen3:1.7b-q8_0,2031739904,2031739904.0,2.031739904,2.031739904,dense,instruct,False,False,False,False,False,unknown,unknown
qwen3:4b,4022468096,4022468096.0,4.022468096,4.022468096,dense,instruct,True,False,False,True,False,unknown,unknown
qwen3:4b-instruct-2507-q4_K_M,4022468096,4022468096.0,4.022468096,4.022468096,dense,instruct,True,False,False,True,False,instruct,unknown
qwen3:4b-instruct-2507-q8_0,4022468096,4022468096.0,4.022468096,4.022468096,dense,instruct,True,False,False,True,False,instruct,unknown
qwen3:4b-q8_0,4022468096,4022468096.0,4.022468096,4.022468096,dense,instruct,False,False,False,False,False,unknown,unknown
qwen3:4b-thinking-2507-q4_K_M,4022468096,,4.022468096,,,,,,True,,,reasoning,unknown
qwen3:4b-thinking-2507-q8_0,4022468096,,4.022468096,,,,,,True,,,reasoning,unknown
qwen3:8b,8190735360,,8.19073536,,,,,,False,,,unknown,unknown
sailor2:1b,988064640,,0.98806464,,,,,,False,,,unknown,unknown
smallthinker:3b-preview-q4_K_M,3397103616,,3.397103616,,,,,,False,,,unknown,unknown
smollm2:1.7b,1711376384,1711376384.0,1.711376384,1.711376384,dense,instruct,False,False,False,True,False,unknown,unknown
smollm2:1.7b-instruct-q8_0,1711376384,1711376384.0,1.711376384,1.711376384,dense,instruct,False,False,False,False,False,instruct,unknown
smollm2:135m,134515008,134515008.0,0.134515008,0.134515008,dense,instruct,False,False,False,False,False,unknown,unknown
smollm2:135m-instruct-q8_0,134515008,134515008.0,0.134515008,0.134515008,dense,instruct,False,False,False,False,False,instruct,unknown
smollm2:360m,361821120,361821120.0,0.36182112,0.36182112,dense,instruct,False,False,False,False,False,unknown,unknown
smollm2:360m-instruct-q8_0,361821120,361821120.0,0.36182112,0.36182112,dense,instruct,False,False,False,False,False,instruct,unknown
smollm:1.7b,1711376384,1711376384.0,1.711376384,1.711376384,dense,instruct,False,False,False,False,False,unknown,unknown
smollm:360m,361821120,361821120.0,0.36182112,0.36182112,dense,instruct,False,False,False,False,False,unknown,unknown
stablelm2:1.6b,1644515328,1644515328.0,1.644515328,1.644515328,dense,instruct,False,False,False,False,False,unknown,unknown
stablelm2:1.6b-chat,1644515328,1644515328.0,1.644515328,1.644515328,dense,instruct,False,False,False,False,False,instruct,unknown
stablelm2:1.6b-zephyr,1644515328,1644515328.0,1.644515328,1.644515328,dense,instruct,False,False,False,False,False,instruct,unknown
starcoder2:3b,3030371328,,3.030371328,,,,,,False,,,code,unknown
starcoder2:3b-q6_K,3030371328,,3.030371328,,,,,,False,,,code,unknown
starcoder2:3b-q8_0,3030371328,,3.030371328,,,,,,False,,,code,unknown
tinyllama:1.1b,1100048384,1100048384.0,1.100048384,1.100048384,dense,instruct,False,False,False,False,False,unknown,unknown
tinyllama:1.1b-chat-v1-q8_0,1100048384,1100048384.0,1.100048384,1.100048384,dense,instruct,False,False,False,False,False,instruct,unknown
yi-coder:1.5b,1476495360,,1.47649536,,,,,,False,,,code,unknown
