model,params_b,included,lock_tier,lock_params_b,run_param_count,integer_le5b,run_tier,eligible,membership_discrepancy,tier_discrepancy,lock_minus_run_params_b,exclusion,integer_tier,tier_disagrees,artifact_digest,lineage_status
codegemma:2b,2.506172416,True,T2,2.0,2506172416,True,T3,True,False,True,-0.5061724160000001,,T3,True,926331004170f1c177e6185e8c7e6339bcc701cbda124ed4b235246191f38bff,unverified
codegemma:2b-code-q6_K,2.506172416,True,T2,2.0,2506172416,True,T3,True,False,True,-0.5061724160000001,,T3,True,fead9028c7320fcc0f4af853717137b5f5aeebae456b59547da7021d6beeed9e,unverified
cogito:3b,3.60675232,True,T3,3.0,3606752320,True,T4,True,False,True,-0.60675232,,T4,True,bd144357d717922daff29200122c3f2aab52d2a643ec73ce304f7827069ec74d,unverified
cogito:3b-v1-preview-llama-q8_0,3.60675232,True,T3,3.0,3606752320,True,T4,True,False,True,-0.60675232,,T4,True,8c7d8ed14b2fad63318a6ec011fa4ac4cfab2b59794f3a234abcb2a9f54fa679,unverified
deepseek-coder:1.3b,1.346471936,True,T2,1.346,1346471936,True,T2,True,False,False,-0.0004719359999998,,T2,False,3ddd2d3fc8d2b5fe039d18f859271132fd9c7960ef0be1864984442dc2a915d3,unverified
deepseek-coder:1.3b-instruct-q8_0,1.346471936,True,T2,1.346,1346471936,True,T2,True,False,False,-0.0004719359999998,,T2,False,44e92342b6c8eb842bfe858d71c9f81a74866b58e0c48a04c8d5f456cb8bf520,unverified
falcon3:1b,1.669408768,True,T2,1.669,1669408768,True,T2,True,False,False,-0.000408768,,T2,False,5449d006a9c78700d1e319d00d6cc0fa4b92fac29d72ef0d7e2854ec32fe5c13,unverified
falcon3:1b-instruct-q8_0,1.669408768,True,T2,1.669,1669408768,True,T2,True,False,False,-0.000408768,,T2,False,5449d006a9c78700d1e319d00d6cc0fa4b92fac29d72ef0d7e2854ec32fe5c13,unverified
falcon3:3b,3.227655168,True,T4,3.228,3227655168,True,T4,True,False,False,0.0003448320000001,,T4,False,784a7eab5b891a30c0b57300c1c6da7022b02665fc5a12c1c817650575c10917,unverified
falcon3:3b-instruct-q4_K_M,3.227655168,True,T4,3.228,3227655168,True,T4,True,False,False,0.0003448320000001,,T4,False,784a7eab5b891a30c0b57300c1c6da7022b02665fc5a12c1c817650575c10917,unverified
falcon3:3b-instruct-q8_0,3.227655168,True,T4,3.228,3227655168,True,T4,True,False,False,0.0003448320000001,,T4,False,05a32e8303990b17a19ae8851f7f2eeb0e3d388ed7a24c06ddf8778901be2779,unverified
gemma2:2b,2.614341888,True,T3,2.614,2614341888,True,T3,True,False,False,-0.0003418879999999,,T3,False,8ccf136fdd5298f3ffe2d69862750ea7fb56555fa4d5b18c04e3fa4d82ee09d7,unverified
gemma2:2b-instruct-q4_K_M,2.614341888,True,T2,2.0,2614341888,True,T3,True,False,True,-0.6143418879999998,,T3,True,cb2d06dce81356b9799c814de8dab1f2dd265084d16ea22f88e1bff70206fabd,unverified
gemma2:2b-instruct-q8_0,2.614341888,True,T3,2.614,2614341888,True,T3,True,False,False,-0.0003418879999999,,T3,False,9d27a8c2325c2b08dd1972ca0c546db1556d18b645bb0ff0c1deea966e974c7d,unverified
gemma3:1b,0.999885952,True,T1,1.0,999885952,True,T1,True,False,False,0.000114048,,T1,False,8648f39daa8fbf5b18c7b4e6a8fb4990c692751d49917417b8842ca5758e7ffc,unverified
gemma3:1b-it-q8_0,0.999885952,True,T1,1.0,999885952,True,T1,True,False,False,0.000114048,,T1,False,0fdb9c7fefee890246468024bd369c1c8ad7c9fe676467720d3a45a0921bfe4c,unverified
gemma3:1b-it-qat,0.999885952,True,T1,1.0,999885952,True,T1,True,False,False,0.000114048,,T1,False,b491bd3989c65bf74267bfb9e7d5fd0bf7b6548bc12f91a98df3c56865ce2f80,unverified
gemma3:270m,0.268098176,True,T1,0.27,268098176,True,T1,True,False,False,0.0019018239999999,,T1,False,e7d36fb2c3b3293cfe56d55889867a064b3a2b22e98335f2e6e8a387e081d6be,unverified
gemma3:270m-it-qat,0.268098176,True,T1,0.27,268098176,True,T1,True,False,False,0.0019018239999999,,T1,False,b16d6d39dfbd65e6b248c649ee2e29cffbcdad472e90a7054340ea6df0ab8085,unverified
gemma3:4b,4.299915632,True,T5,4.3,4299915632,True,T5,True,False,False,8.436799999955724e-05,,T5,False,a2af6cc3eb7fa8be8504abaf9b04e88f17a119ec3f04a3addf55f92841195f5a,unverified
gemma3:4b-it-q4_K_M,4.299915632,True,T5,4.3,4299915632,True,T5,True,False,False,8.436799999955724e-05,,T5,False,a2af6cc3eb7fa8be8504abaf9b04e88f17a119ec3f04a3addf55f92841195f5a,unverified
gemma3:4b-it-q8_0,4.299915632,True,T5,4.3,4299915632,True,T5,True,False,False,8.436799999955724e-05,,T5,False,2376388dec1627f34e046065f670ff8af8f766f8aa0968363cc997c2565f48e0,unverified
gemma3:4b-it-qat,4.300079472,True,T5,4.3,4300079472,True,T5,True,False,False,-7.947200000035792e-05,,T5,False,d01ad0579247579135cd4d4b156cab36613d1936ccfd9b81e4be6f4ef05416fe,unverified
gemma3n:e2b,4.456156768,True,T5,5.0,4456156768,True,T5,True,False,False,0.5438432320000004,,T5,False,719372f8c7deee188821a4dcbaf75efa13a342d7e88a79d4fc2412b24947f6fd,unverified
gemma4:e2b-it-qat,4.628569635,True,T5,4.6,4628569635,True,T5,True,False,False,-0.0285696350000002,,T5,False,07ea59a474013479c8b6b802bef095c40e964a1d776ba02f264c0e30e1aede0c,unverified
gemma:2b,2.50643456,True,T3,2.506,2506434560,True,T3,True,False,False,-0.0004345599999999,,T3,False,b50d6c999e592ae4f79acae23b4feaefbdfceaa7cd366df2610e3072c052a160,unverified
gemma:2b-instruct-q4_K_M,2.50643456,True,T2,2.0,2506434560,True,T3,True,False,True,-0.5064345600000002,,T3,True,073d0876d67843bf054bd6d88e53b370c6170854054f96ce2ea1d06f31763a16,unverified
gemma:2b-instruct-q8_0,2.50643456,True,T3,2.506,2506434560,True,T3,True,False,False,-0.0004345599999999,,T3,False,233b6c11a9a965cf7788e05250f1d652c8ca491ca51aac9a0c58a5e165553d23,unverified
granite3.1-dense:2b,2.533531648,True,T3,2.534,2533531648,True,T3,True,False,False,0.0004683519999999,,T3,False,fba1ad01113e0dea1bd9817fa41852e98ddada7a07a3c1cddffef8d588e1fa1e,unverified
granite3.1-dense:2b-instruct-q8_0,2.533531648,True,T3,2.534,2533531648,True,T3,True,False,False,0.0004683519999999,,T3,False,ef14416801618f387edcc8e07b7183d10e753594dbc93d1f0685e3e9f5e0d9ef,unverified
granite3.1-moe:3b,3.298793472,True,T4,3.299,3298793472,True,T4,True,False,False,0.000206528,,T4,False,b43d80d7fca796d3b4f7fe87a2ac92b13bcabe3758b413019b7e55126950a0f3,unverified
granite3.2:2b,2.533531648,True,T3,2.534,2533531648,True,T3,True,False,False,0.0004683519999999,,T3,False,9d79a41f2f753329ac9dbdd430e945f2b195a50e8e563d823a8c25a94dff5dac,unverified
granite3.2:2b-instruct-q4_K_M,2.533531648,True,T3,2.534,2533531648,True,T3,True,False,False,0.0004683519999999,,T3,False,9d79a41f2f753329ac9dbdd430e945f2b195a50e8e563d823a8c25a94dff5dac,unverified
granite3.3:2b,2.53353984,True,T3,2.534,2533539840,True,T3,True,False,False,0.0004601599999998,,T3,False,07bd1f170855240f9e162bf54ea494a8bc1c73d8cbd1365d7fccbeb7d2504947,unverified
granite4.1:3b,3.40283648,True,T3,3.0,3402836480,True,T4,True,False,True,-0.4028364799999999,,T4,True,6fd349357287c7ffc9e38189a93b48ea175d24fc566b38f09cfc564fb7f303eb,unverified
granite4:1b-h,1.461538368,True,T2,1.462,1461538368,True,T2,True,False,False,0.0004616319999999,,T2,False,7761ae79cab940d37672a871bf6473282ddd0ebbc3b039227eb8ccd90532699f,unverified
granite4:350m,0.352379904,True,T1,0.35,352379904,True,T1,True,False,False,-0.0023799039999999,,T1,False,5eee845b49c4b72ef9e385463a1e2ea9f6f937e08b019f3bbecec12bc1927221,unverified
granite4:350m-bf16,0.352379904,True,T1,0.35,352379904,True,T1,True,False,False,-0.0023799039999999,,T1,False,5eee845b49c4b72ef9e385463a1e2ea9f6f937e08b019f3bbecec12bc1927221,unverified
granite4:350m-h,0.340332224,True,T1,0.35,340332224,True,T1,True,False,False,0.009667776,,T1,False,7145075ed3d6da48bd41cafd8bed8171936abe0ece819aa1e516fd98881aa6a4,unverified
granite4:micro,3.40283648,True,T4,3.403,3402836480,True,T4,True,False,False,0.00016352,,T4,False,89962fcc75239ac434cdebceb6b7e0669397f92eaef9c487774b718bc36a3e5f,unverified
granite4:micro-h,3.191396096,True,T4,3.4,3191396096,True,T4,True,False,False,0.2086039039999998,,T4,False,076afb3855dc8bd36bc5abbdf5f743f02718c91aa3f30f4f29781480214f82b8,unverified
hf.co/LiquidAI/LFM2-1.2B-GGUF:Q4_K_M,1.170340608,True,T2,1.2,1170340608,True,T2,True,False,False,0.0296593919999998,,T2,False,f58c0dd0f7a41d140f9d0cc65d2e4fc4e210ce0c7a8107ce130ff54ffec3b7d9,unverified
hf.co/LiquidAI/LFM2-1.2B-GGUF:Q8_0,1.170340608,True,T2,1.2,1170340608,True,T2,True,False,False,0.0296593919999998,,T2,False,2ef5228172c8ddc1ed3c23e01ddb366aa3dbe174482cf66ccb5090abc408c483,unverified
hf.co/LiquidAI/LFM2-350M-GGUF:Q4_K_M,0.354483968,True,T1,0.35,354483968,True,T1,True,False,False,-0.0044839679999999,,T1,False,9c632473cd5c0c410b17623110287e36525368e3340ec36309265861f9dc7897,unverified
hf.co/LiquidAI/LFM2-700M-GGUF:Q4_K_M,0.742489344,True,T1,0.7000000000000001,742489344,True,T1,True,False,False,-0.0424893439999999,,T1,False,1c2cbecd79b2eeb27ae5191a190a2219eac594514c792153220461c875f6c1e4,unverified
hf.co/NousResearch/Hermes-3-Llama-3.2-3B-GGUF:Q4_K_M,3.212749888,True,T3,3.0,3212749888,True,T4,True,False,True,-0.2127498879999998,,T4,True,af4ae8cb010e11c54c5ffd33082848bcc8591cb187eec547c0a9ffaff562b113,unverified
hf.co/NousResearch/Hermes-3-Llama-3.2-3B-GGUF:Q8_0,3.212749888,True,T3,3.0,3212749888,True,T4,True,False,True,-0.2127498879999998,,T4,True,e12c56a533e180548bed29c5dcacdb86d8c28a41d332e7c929fbf12b5f93ed16,unverified
hf.co/Qwen/Qwen2.5-1.5B-Instruct-GGUF:Q4_K_M,1.777088,True,T2,1.777,1777088000,True,T2,True,False,False,-8.800000000008801e-05,,T2,False,3de61eb04f460768074600101fe83520c9eb858f800fd4f3efd8bc6d2f6a54b6,unverified
hf.co/Qwen/Qwen2.5-3B-Instruct-GGUF:Q4_K_M,3.397103616,True,T4,3.397,3397103616,True,T4,True,False,False,-0.000103616,,T4,False,ac7a4ce73f841b0580ede1504e9fdee730dc4edc0b68e75f50611d7b36d6427b,unverified
hf.co/Qwen/Qwen3-4B-GGUF:Q4_K_M,4.022468096,True,T5,4.022,4022468096,True,T5,True,False,False,-0.0004680959999996,,T5,False,3c4f22130d403283bb961721f2c4f83e4409afcbb7a7cd992f425c62b9304e35,unverified
hf.co/allenai/OLMo-2-0425-1B-Instruct-GGUF:Q4_K_M,1.484916736,True,T1,1.0,1484916736,True,T2,True,False,True,-0.4849167359999999,,T2,True,f61e489f75bce580924d3646671e58ba7f386ac2782c4582b36ff6a647e56a06,unverified
hf.co/bartowski/Llama-3.2-3B-Instruct-GGUF:IQ4_XS,3.212749888,True,T3,3.0,3212749888,True,T4,True,False,True,-0.2127498879999998,,T4,True,ebf685aa178bdf40e4ecd6319d6bd853a6e48765c8ada900cd2053d2447b64c7,unverified
hf.co/bartowski/Llama-3.2-3B-Instruct-GGUF:Q3_K_L,3.212749888,True,T3,3.0,3212749888,True,T4,True,False,True,-0.2127498879999998,,T4,True,1da0f253e7fed3c9e7871f93aa8238f5cde8225527d557ff5c4d150f8ff4d4c7,unverified
hf.co/bartowski/Llama-3.2-3B-Instruct-GGUF:Q5_K_M,3.212749888,True,T3,3.0,3212749888,True,T4,True,False,True,-0.2127498879999998,,T4,True,9d73e0f3da1b6e9e8878138cbbe500dd16cf18b832451cf1ec5d7c3113612c89,unverified
hf.co/bartowski/Llama-3.2-3B-Instruct-GGUF:Q6_K,3.212749888,True,T3,3.0,3212749888,True,T4,True,False,True,-0.2127498879999998,,T4,True,0d4b86d1730825cde7cb2ebcd09c040f200d3230af45c2d03f656cfa4cd00a8f,unverified
hf.co/ggml-org/SmolLM3-3B-GGUF:Q4_K_M,3.075098624,True,T3,3.0,3075098624,True,T4,True,False,True,-0.0750986239999997,,T4,True,2224371d34060ae486f7fb067ca856b904df4723058d9589faf8be7b0b95321a,unverified
hf.co/ggml-org/SmolLM3-3B-GGUF:Q8_0,3.075098624,True,T3,3.0,3075098624,True,T4,True,False,True,-0.0750986239999997,,T4,True,2c0ae7843ff058eb321469d7501203605cafacc60ea6eb5273dba32870b7e24a,unverified
hf.co/openbmb/MiniCPM3-4B-GGUF:Q4_K_M,4.073876,True,T4,4.0,4073876000,True,T5,True,False,True,-0.0738760000000002,,T5,True,3448ba53c422e036f020ef67d07801ddc727c56d1b95b114e351ab392a88b85c,unverified
hf.co/tiiuae/Falcon-H1-0.5B-Instruct-GGUF:Q4_K_M,0.521411104,True,T1,0.5,521411104,True,T1,True,False,False,-0.021411104,,T1,False,5c8a16c77cf4e858172defdd9b121080006ee5610582e25a1f9502dce9ea1cd2,unverified
hf.co/tiiuae/Falcon-H1-1.5B-Deep-Instruct-GGUF:IQ4_XS,1.554874768,True,T2,1.5,1554874768,True,T2,True,False,False,-0.0548747679999999,,T2,False,79ac56ef88a761e6ac47ec7f71c4827d30ea524d3d2d96c13e66c4d47fe044c2,unverified
hf.co/tiiuae/Falcon-H1-1.5B-Deep-Instruct-GGUF:Q4_K_M,1.554874768,True,T2,1.5,1554874768,True,T2,True,False,False,-0.0548747679999999,,T2,False,c634578f683ad854e8834e9e895c6cf3b719cafd669db1216a3b2bd29fd927fd,unverified
hf.co/tiiuae/Falcon-H1-3B-Instruct-GGUF:Q4_K_M,3.149392384,True,T3,3.0,3149392384,True,T4,True,False,True,-0.149392384,,T4,True,82f8355dd6f2bd2560935675c8cc7cdcda981eb2925c947f4c5574fcdad99ffa,unverified
hf.co/unsloth/Llama-3.2-1B-Instruct-GGUF:Q4_K_M,1.235814432,True,T2,1.236,1235814432,True,T2,True,False,False,0.000185568,,T2,False,d75a82b8324cf7b7447cd1f3bf9cd52c17b0c3508f6478802566fbef3f216e58,unverified
hf.co/unsloth/Phi-4-mini-instruct-GGUF:Q4_K_M,3.836021856,True,T4,3.836,3836021856,True,T4,True,False,False,-2.185600000004229e-05,,T4,False,951584f2b2d60a922d2a7b82905b4499cdcb1676e94bc7930336b894082d1ce7,unverified
hf.co/unsloth/Qwen3-4B-GGUF:Q4_K_M,4.022468096,True,T5,4.022,4022468096,True,T5,True,False,False,-0.0004680959999996,,T5,False,66f6d52aa56a783fdce7ed4c565128ef99d303d126306ec7362e66b97f700fa2,unverified
internlm2:1.8b,1.889110016,True,T2,1.889,1889110016,True,T2,True,False,False,-0.000110016,,T2,False,653be3eb69a08cb0a42dfa19194888c74092bfdc59a270844be4842c62cb692d,unverified
llama3.2:1b,1.235814432,True,T2,1.236,1235814432,True,T2,True,False,False,0.000185568,,T2,False,baf6a787fdffd633537aa2eb51cfd54cb93ff08e28040095462bb63daf552878,unverified
llama3.2:1b-instruct-q4_K_M,1.235814432,True,T1,1.0,1235814432,True,T2,True,False,True,-0.2358144319999999,,T2,True,22bc6b92eb0160c4629782fca05a9032c59d306ab2058b7dacc8a4644fbafa02,unverified
llama3.2:1b-instruct-q8_0,1.235814432,True,T2,1.236,1235814432,True,T2,True,False,False,0.000185568,,T2,False,baf6a787fdffd633537aa2eb51cfd54cb93ff08e28040095462bb63daf552878,unverified
llama3.2:3b,3.212749888,True,T4,3.213,3212749888,True,T4,True,False,False,0.0002501120000002,,T4,False,a80c4f17acd55265feec403c7aef86be0c25983ab279d83f3bcd3abbcb5b8b72,unverified
llama3.2:3b-instruct-q4_K_M,3.212749888,True,T3,3.0,3212749888,True,T4,True,False,True,-0.2127498879999998,,T4,True,a80c4f17acd55265feec403c7aef86be0c25983ab279d83f3bcd3abbcb5b8b72,unverified
llama3.2:3b-instruct-q8_0,3.212749888,True,T4,3.213,3212749888,True,T4,True,False,False,0.0002501120000002,,T4,False,e410b836fe6132b8c5e09bd83156dab0ce2c19f371e0bce2d77e993f8a65241a,unverified
ministral-3:3b,3.849090048,True,T4,3.849,3849090048,True,T4,True,False,False,-9.004799999967616e-05,,T4,False,f04aa1c738f64e13c625b82ae92504fc0260fa6723b509ed1ece0fa188179b1d,unverified
nemotron-mini:4b,4.190509056,True,T5,4.191,4190509056,True,T5,True,False,False,0.000490944,,T5,False,ed76ab18784f5a01c9ec5b3c250e964d4f9c7a983e59ba041bb995f0fe2e8fb3,unverified
nemotron-mini:4b-instruct-q4_K_M,4.190509056,True,T5,4.191,4190509056,True,T5,True,False,False,0.000490944,,T5,False,ed76ab18784f5a01c9ec5b3c250e964d4f9c7a983e59ba041bb995f0fe2e8fb3,unverified
nemotron-mini:4b-instruct-q8_0,4.190509056,True,T5,4.191,4190509056,True,T5,True,False,False,0.000490944,,T5,False,fe86a4d04f9f2cd735a5b2563c32923fa818ffd492c842bbab381dd0f2a73cba,unverified
opencoder:1.5b,1.90565088,True,T2,1.5,1905650880,True,T2,True,False,False,-0.40565088,,T2,False,8573dfc23c162f6df3ff9f2498c0b7ceb375581692d014dc88ddafe2daa623e6,unverified
phi3.5:3.8b,3.821079648,True,T4,3.821,3821079648,True,T4,True,False,False,-7.96479999998212e-05,,T4,False,61819fb370a3c1a9be6694869331e5f85f867a079e9271d66cb223acb81d04ba,unverified
phi3.5:3.8b-mini-instruct-q8_0,3.821079648,True,T4,3.821,3821079648,True,T4,True,False,False,-7.96479999998212e-05,,T4,False,8b50e8e1e21653ad0085ed8209f4f0cf7f9af78e0352ebd2d303f7b604d313be,unverified
phi3:3.8b,3.821079648,True,T4,3.821,3821079648,True,T4,True,False,False,-7.96479999998212e-05,,T4,False,4f222292793889a9a40a020799cfd28d53f3e01af25d48e06c5e708610fc47e9,unverified
phi3:3.8b-mini-128k-instruct-q8_0,3.821079648,True,T4,3.821,3821079648,True,T4,True,False,False,-7.96479999998212e-05,,T4,False,adc0589ce82eb5929896d7100a8f3a2a694a1251332d37f32b1cd5c72282f5a5,unverified
phi3:mini,3.821079648,True,T4,3.8,3821079648,True,T4,True,False,False,-0.0210796480000001,,T4,False,4f222292793889a9a40a020799cfd28d53f3e01af25d48e06c5e708610fc47e9,unverified
phi3:mini-128k,3.821079648,True,T4,3.8,3821079648,True,T4,True,False,False,-0.0210796480000001,,T4,False,4f222292793889a9a40a020799cfd28d53f3e01af25d48e06c5e708610fc47e9,unverified
phi3:mini-4k,3.821079552,True,T4,3.8,3821079552,True,T4,True,False,False,-0.0210795520000002,,T4,False,d5ea514251bf95029d4df96a15db5566a5b5a17e3bfada1ac6faf354a62b524d,unverified
phi4-mini,3.836021856,True,T4,3.836,3836021856,True,T4,True,False,False,-2.185600000004229e-05,,T4,False,,unverified
phi4-mini-reasoning,3.836021856,True,T4,3.836,3836021856,True,T4,True,False,False,-2.185600000004229e-05,,T4,False,,unverified
qwen2-math:1.5b,1.543714304,True,T2,1.5,1543714304,True,T2,True,False,False,-0.043714304,,T2,False,a4fdda0c6cc5d11e7d865ffc124a7dbbe3daa3d8304e6677027da9baf457a032,unverified
qwen2.5-coder:0.5b,0.494032768,True,T1,0.5,494032768,True,T1,True,False,False,0.0059672319999999,,T1,False,4ff64a7f502a08b7616edb8ca0a79eb1853fc363d842b7df4b46915d11a3fb09,unverified
qwen2.5-coder:1.5b,1.543714304,True,T2,1.544,1543714304,True,T2,True,False,False,0.0002856959999999,,T2,False,d7372fd828518a4d38b1eb196c673c31a85f2ed302b3d1e406c4c2d1b64a0668,unverified
qwen2.5-coder:1.5b-instruct-q8_0,1.543714304,True,T2,1.544,1543714304,True,T2,True,False,False,0.0002856959999999,,T2,False,00f372390c1dac8c6d0cca549d683475d5854c0f0d77d5f5368e0ffe4724fe8b,unverified
qwen2.5-coder:3b,3.085938688,True,T4,3.086,3085938688,True,T4,True,False,False,6.13119999997025e-05,,T4,False,f72c60cabf6237b07f6e632b2c48d533cef25eda2efbd34bed21c5e9c01e6225,unverified
qwen2.5-coder:3b-instruct-q4_K_M,3.085938688,True,T4,3.086,3085938688,True,T4,True,False,False,6.13119999997025e-05,,T4,False,f72c60cabf6237b07f6e632b2c48d533cef25eda2efbd34bed21c5e9c01e6225,unverified
qwen2.5-coder:3b-instruct-q8_0,3.085938688,True,T4,3.086,3085938688,True,T4,True,False,False,6.13119999997025e-05,,T4,False,0dbd6230e2a1d00d145b60e27c1799402404efea291ae0d136950f98b756cd8e,unverified
qwen2.5:0.5b,0.494032768,True,T1,0.494,494032768,True,T1,True,False,False,-3.276800000001634e-05,,T1,False,a8b0c51577010a279d933d14c2a8ab4b268079d44c5c8830c0a93900f1827c67,unverified
qwen2.5:0.5b-instruct-q4_K_M,0.494032768,True,T1,0.494,494032768,True,T1,True,False,False,-3.276800000001634e-05,,T1,False,a8b0c51577010a279d933d14c2a8ab4b268079d44c5c8830c0a93900f1827c67,unverified
qwen2.5:0.5b-instruct-q8_0,0.494032768,True,T1,0.494,494032768,True,T1,True,False,False,-3.276800000001634e-05,,T1,False,84d044692a2ce0a5a063d3177ca7a69fb189fd81b3139a7a3ead74ccf42a51dc,unverified
qwen2.5:1.5b,1.543714304,True,T2,1.544,1543714304,True,T2,True,False,False,0.0002856959999999,,T2,False,65ec06548149b04c096a120e4a6da9d4017ea809c91734ea5631e89f96ddc57b,unverified
qwen2.5:1.5b-instruct-q4_K_M,1.543714304,True,T2,1.544,1543714304,True,T2,True,False,False,0.0002856959999999,,T2,False,65ec06548149b04c096a120e4a6da9d4017ea809c91734ea5631e89f96ddc57b,unverified
qwen2.5:1.5b-instruct-q8_0,1.543714304,True,T2,1.544,1543714304,True,T2,True,False,False,0.0002856959999999,,T2,False,b19683a34698365318287452c1711a7dd94253eba73c1f834e09a09c2b8d9415,unverified
qwen2.5:3b,3.085938688,True,T4,3.086,3085938688,True,T4,True,False,False,6.13119999997025e-05,,T4,False,357c53fb659c5076de1d65ccb0b397446227b71a42be9d1603d46168015c9e4b,unverified
qwen2.5:3b-instruct-q4_K_M,3.085938688,True,T4,3.086,3085938688,True,T4,True,False,False,6.13119999997025e-05,,T4,False,357c53fb659c5076de1d65ccb0b397446227b71a42be9d1603d46168015c9e4b,unverified
qwen2.5:3b-instruct-q8_0,3.085938688,True,T4,3.086,3085938688,True,T4,True,False,False,6.13119999997025e-05,,T4,False,cd6aa8b25d7af6e11b3d06e0b5f318ab1cd6c9da19813f4bf21a33e1e278ce9a,unverified
qwen2:0.5b-instruct-q8_0,0.494032768,True,T1,0.494,494032768,True,T1,True,False,False,-3.276800000001634e-05,,T1,False,6b8eef84f0bf85b30c850954c2a2731868a19b605566014dae024baa97d6ecbc,unverified
qwen2:1.5b,1.543714304,True,T2,1.544,1543714304,True,T2,True,False,False,0.0002856959999999,,T2,False,f6daf2b25194025ae2d5288f2afd041997ce48116807a3b612c1a96b09bec03a,unverified
qwen2:1.5b-instruct-q8_0,1.543714304,True,T2,1.544,1543714304,True,T2,True,False,False,0.0002856959999999,,T2,False,908c3f054aac3915ef1d29ab1e7e9d57fa210c21c6977b06a69430caeead91a5,unverified
qwen3.5:2b,2.274069824,True,T2,2.0,2274069824,True,T3,True,False,True,-0.2740698240000001,,T3,True,324d162be6ca5629ae4517c8710434d0bd2d665bc94dbad46e9af8fbf8a2f0df,unverified
qwen3:0.6b,0.751632384,True,T1,0.752,751632384,True,T1,True,False,False,0.000367616,,T1,False,7df6b6e09427a769808717c0a93cadc4ae99ed4eb8bf5ca557c90846becea435,unverified
qwen3:0.6b-fp16,0.751632384,True,T1,0.752,751632384,True,T1,True,False,False,0.000367616,,T1,False,626c9556a80fcb9c30ebd28292edf465ccda990282c5fb1e680d106d23bacc1c,unverified
qwen3:0.6b-q8_0,0.751632384,True,T1,0.752,751632384,True,T1,True,False,False,0.000367616,,T1,False,f6358994266d548dc070c564d49588fa3a6fac0cccd196bef38128aaa6ed22f3,unverified
qwen3:1.7b,2.031739904,True,T3,2.032,2031739904,True,T3,True,False,False,0.0002600959999998,,T3,False,8f68893c685c3ddff2aa3fffce2aa60a30bb2da65ca488b61fff134a4d1730e7,unverified
qwen3:1.7b-fp16,2.031739904,True,T3,2.032,2031739904,True,T3,True,False,False,0.0002600959999998,,T3,False,e9354f6174db6aa7af338e75b9087e3f4364c255ff96eb20c1805a2f786ed763,unverified
qwen3:1.7b-q8_0,2.031739904,True,T3,2.032,2031739904,True,T3,True,False,False,0.0002600959999998,,T3,False,29b6a7a420a42b7d58a17334049721746c35aec6084209ceed327e78a124d15f,unverified
qwen3:4b,4.022468096,True,T5,4.022,4022468096,True,T5,True,False,False,-0.0004680959999996,,T5,False,359d7dd4bcdab3d86b87d73ac27966f4dbb9f5efdfcc75d34a8764a09474fae7,unverified
qwen3:4b-instruct-2507-q4_K_M,4.022468096,True,T5,4.022,4022468096,True,T5,True,False,False,-0.0004680959999996,,T5,False,0edcdef34593eac1aa2be9c7d06c432dcf81945adca5eca2f27662c18f168ba0,unverified
qwen3:4b-instruct-2507-q8_0,4.022468096,True,T5,4.022,4022468096,True,T5,True,False,False,-0.0004680959999996,,T5,False,aa7252f68dda4d25dfffa65b3760af6d2c3231a140c0060c78d444686d98a374,unverified
qwen3:4b-q8_0,4.022468096,True,T5,4.022,4022468096,True,T5,True,False,False,-0.0004680959999996,,T5,False,6461746fd6b5a2327ba63d5cd1359af119852d82aa8c981efe948d1868a4dc20,unverified
qwen3:4b-thinking-2507-q4_K_M,4.022468096,True,T4,4.0,4022468096,True,T5,True,False,True,-0.0224680959999998,,T5,True,359d7dd4bcdab3d86b87d73ac27966f4dbb9f5efdfcc75d34a8764a09474fae7,unverified
qwen3:4b-thinking-2507-q8_0,4.022468096,True,T4,4.0,4022468096,True,T5,True,False,True,-0.0224680959999998,,T5,True,44647463104281dcb560e8d3962c440fea54c4dacc242bf435dc9a0f313d3d48,unverified
sailor2:1b,0.98806464,True,T1,1.0,988064640,True,T1,True,False,False,0.0119353599999999,,T1,False,7b8c8f58ae999a7ae3f3788ee1bcd4b03ffad0169cdc2ec45058a9da2bfdedaf,unverified
smallthinker:3b-preview-q4_K_M,3.397103616,True,T3,3.0,3397103616,True,T4,True,False,True,-0.3971036159999999,,T4,True,b136f0e0ef9609b15f7a3ab060f9df38c611d89d40b99cf94b65aff75117e3fd,unverified
smollm2:1.7b,1.711376384,True,T2,1.711,1711376384,True,T2,True,False,False,-0.0003763839999999,,T2,False,cef4a1e09247f018ca0c482ad4c2ce1474aba5e87f245dacf97f07948d05d8b4,unverified
smollm2:1.7b-instruct-q8_0,1.711376384,True,T2,1.711,1711376384,True,T2,True,False,False,-0.0003763839999999,,T2,False,cef4a1e09247f018ca0c482ad4c2ce1474aba5e87f245dacf97f07948d05d8b4,unverified
smollm2:135m,0.134515008,True,T1,0.135,134515008,True,T1,True,False,False,0.000484992,,T1,False,9077fe9d2ae1a4a41a868836b56b8163731a8fe16621397028c2c76f838c6907,unverified
smollm2:135m-instruct-q8_0,0.134515008,True,T1,0.135,134515008,True,T1,True,False,False,0.000484992,,T1,False,2d470404841a51320639b2c2418c7ad8643cccbbcb88c2a242b211ae83bf46a9,unverified
smollm2:360m,0.36182112,True,T1,0.362,361821120,True,T1,True,False,False,0.0001788799999999,,T1,False,297281b699fc51376006233ca400cd664c4f7b80ed88a47ef084f1e4b089803b,unverified
smollm2:360m-instruct-q8_0,0.36182112,True,T1,0.362,361821120,True,T1,True,False,False,0.0001788799999999,,T1,False,dfd48b1fa28f91f94d51037458e22eb461591d2f2f92bb44b115c86ac11b560f,unverified
smollm:1.7b,1.711376384,True,T2,1.711,1711376384,True,T2,True,False,False,-0.0003763839999999,,T2,False,95f6557a0f0f1e1d08ba0d426e50de0927dd2b0861a384b193802c551b298c28,unverified
smollm:360m,0.36182112,True,T1,0.362,361821120,True,T1,True,False,False,0.0001788799999999,,T1,False,b3ba1ccba2b80fe98c3b00798a95228d709b6ba86f15b483a4011b05fa2afe29,unverified
stablelm2:1.6b,1.644515328,True,T2,1.645,1644515328,True,T2,True,False,False,0.000484672,,T2,False,714a6116cffa8b415b52c62a7a2d09ba6227ed733baa0025c937a36aee5504f3,unverified
stablelm2:1.6b-chat,1.644515328,True,T2,1.645,1644515328,True,T2,True,False,False,0.000484672,,T2,False,714a6116cffa8b415b52c62a7a2d09ba6227ed733baa0025c937a36aee5504f3,unverified
stablelm2:1.6b-zephyr,1.644515328,True,T2,1.645,1644515328,True,T2,True,False,False,0.000484672,,T2,False,1b81980a10e6dfbeeebba98fd4aac12ad3460128c8836d09c8bd84864f9d1fa4,unverified
starcoder2:3b,3.030371328,True,T3,3.0,3030371328,True,T4,True,False,True,-0.0303713280000001,,T4,True,9f4ae0aff61ee24fe4b7d9714c9382b5172551fa8e95aa064452ec2e62610835,unverified
starcoder2:3b-q6_K,3.030371328,True,T3,3.0,3030371328,True,T4,True,False,True,-0.0303713280000001,,T4,True,4d0d8586d8a6d77dde4a55f806c9828390b87d78257b7e38b2e6c1a72da80313,unverified
starcoder2:3b-q8_0,3.030371328,True,T3,3.0,3030371328,True,T4,True,False,True,-0.0303713280000001,,T4,True,003abcecad2363c83abdb83bb5e1fc23daab4a5f6b74960ba1b7871a73b01de9,unverified
tinyllama:1.1b,1.100048384,True,T2,1.1,1100048384,True,T2,True,False,False,-4.838399999984589e-05,,T2,False,2644915ede352ea7bdfaff0bfac0be74c719d5d5202acb63a6fb095b52f394a4,unverified
tinyllama:1.1b-chat-v1-q8_0,1.100048384,True,T2,1.1,1100048384,True,T2,True,False,False,-4.838399999984589e-05,,T2,False,3746473cdb1e586343c2528e34c2ce261e604f1dd1e40cda189571f695a10d7f,unverified
yi-coder:1.5b,1.47649536,True,T2,1.5,1476495360,True,T2,True,False,False,0.02350464,,T2,False,186c460ee707aebe9dc60b56e217cbe7e8f11cac1a9557d1e1af0ee6ec44438e,unverified
